"","x","Vek","SV","PV","P","S"
"1",1,18,1380,1950,1350,1790
"2",2,16,1380,1448,1260,1740
"3",3,16,1380,1920,1260,1740
"4",4,18,1320,1860,1320,1740
"5",5,17,1200,1740,1200,1800
"6",6,18,1560,2100,1440,1830
"7",7,17,1440,1920,1380,1800
"8",8,16,1350,1980,1335,1800
"9",9,19,1350,1950,1320,1800
"10",10,18,1463,1449,1380,1830
"11",11,17,1410,1860,1320,1830
"12",12,16,1380,2100,1260,1720
"13",13,17,1500,1840,1380,1840
"14",14,15,1440,2100,1410,1800
"15",15,15,1440,2100,1410,1800
"16",16,17,1380,1980,1380,1785
"17",17,16,1380,1830,1410,1795
"18",18,18,1380,2025,1365,1830
"19",19,16,1320,1740,1320,1800
"20",20,16,1320,1980,1320,1740
"21",21,17,1380,1890,1350,1780
"22",22,16,1350,1920,1350,1815
"23",23,16,1410,1980,1380,1840
"24",24,19,1320,1980,1305,1790
"25",25,19,1320,1980,1305,1790
"26",26,18,1380,1980,1320,1770
"27",27,19,1470,1980,1410,1825
"28",28,16,1320,2100,1320,1845
"29",29,18,1380,2040,1380,1830
"30",30,17,1620,1860,1440,1860
"31",31,14,1380,1980,1335,1785
"32",32,16,1410,2010,1290,1860
"33",33,18,1380,2010,1380,1820
"34",34,18,1440,1980,1440,1860
"35",35,17,1620,2040,1320,1800
"36",36,18,1440,2040,1380,1840
"37",37,17,1380,1950,1380,1830
"38",38,16,1440,1920,1350,1790
"39",39,16,1440,1920,1350,1790
"40",40,18,1380,1980,1320,1785
"41",41,17,1442,2100,1440,1860
"42",42,18,1430,1710,1380,1710
"43",43,19,1440,1920,1380,1800
"44",44,17,1440,1920,1350,1800
"45",45,17,1440,1920,1350,1800
"46",46,16,1590,2130,1320,1730
"47",47,18,1500,810,1500,1755
"48",48,18,1440,2040,1380,1860
"49",49,17,1380,2040,1350,1710
"50",50,16,1440,1980,1350,1785
"51",51,17,1380,1890,1380,1830
"52",52,16,1380,1860,1350,1815
"53",53,17,1440,1950,1410,1830
"54",54,18,1410,1920,1350,1740
"55",55,18,1380,1980,1320,1710
"56",56,18,1440,1980,1320,1800
"57",57,16,1440,1980,1320,1800
"58",58,16,1440,2040,1380,1830
"59",59,15,1380,2100,1290,1800
"60",60,16,1410,1830,1350,1760
"61",61,17,1380,1980,1320,1770
"62",62,16,1380,1980,1350,1835
"63",63,18,1920,1500,1290,1740
"64",64,16,1560,1920,1410,1740
"65",65,17,1320,1980,1260,1770
"66",66,15,1350,1920,1260,1770
"67",67,19,1380,1920,1920,1740
"68",68,17,1440,2010,1380,1770
"69",69,18,1560,1980,1470,1860
"70",70,17,1440,1920,1335,1830
"71",71,18,1500,1980,1320,1815
"72",72,16,1380,1980,1260,1860
"73",73,17,1440,1920,1380,1860
"74",74,19,1380,1920,1320,1905
"75",75,19,1380,1800,1560,1740
"76",76,18,1560,2040,1440,1800
"77",77,17,1395,1920,1380,1830
"78",78,16,1560,1920,1560,1800
"79",79,17,1380,1980,1380,1770
"80",80,17,1320,1920,1320,1830
"81",81,16,1500,2040,1380,1740
"82",82,17,1440,2040,1380,1830
"83",83,17,1500,1980,1410,1840
"84",84,17,1380,1920,1320,1740
"85",85,17,1440,1890,1350,1740
"86",86,16,1380,1920,1320,1820
"87",87,17,1380,1980,1320,1765
"88",88,18,1440,2010,1290,1710
"89",89,17,1320,2040,1320,1815
"90",90,19,1500,1980,1320,1830
"91",91,15,1380,2010,1320,1785
"92",92,16,1440,1980,1440,1845
"93",93,18,1380,1980,1320,1740
"94",94,18,1440,1980,1320,1800
"95",95,18,1620,1920,1380,1845
"96",96,14,1440,720,1380,1860
"97",97,17,1380,1890,1440,1820
"98",98,17,1440,2040,1380,1740
"99",99,16,1410,1920,1320,1920
"100",100,18,1440,2010,1380,1830
"101",101,18,1440,2010,1380,1830
"102",102,16,1440,1965,1350,1820
"103",103,17,1380,1950,1320,1860
"104",104,17,1440,1980,1350,1830
"105",105,17,1440,1980,1320,1730
"106",106,18,1440,2040,1380,1830
"107",107,18,1500,2100,1380,1820
"108",108,19,1500,1980,1440,1770
"109",109,18,1380,1800,1380,1800
"110",110,15,1470,1920,1470,1740
"111",111,15,1470,1920,1470,1740
"112",112,11,1560,1740,1380,2040
"113",113,17,1380,2010,1410,1870
"114",114,20,1320,1860,1300,1900
"115",115,17,1440,1920,1350,1800
"116",116,15,1470,2040,1350,1800
"117",117,15,1470,2040,1350,1800
"118",118,15,1680,1920,1380,1830
"119",119,15,1680,1920,1380,1830
"120",120,20,1590,2040,1440,1800
"121",121,17,1440,2100,1320,1800
"122",122,18,1440,1920,1380,1860
"123",123,17,1560,2040,1380,1830
"124",124,16,1710,2100,1200,1770
"125",125,15,1350,1980,1200,1800
"126",126,19,1440,2070,1365,1790
"127",127,18,1440,2010,1380,1860
"128",128,16,1320,1860,1320,1740
"129",129,16,1320,1860,1320,1740
"130",130,15,1440,2040,1320,1815
"131",131,19,1620,2040,1320,1800
"132",132,16,1410,1920,1350,1820
"133",133,16,1410,1920,1350,1820
"134",134,15,1380,2100,1260,1800
"135",135,15,1380,2100,1260,1800
"136",136,17,1380,1890,1410,1830
"137",137,15,1380,2040,1320,1800
"138",138,15,1380,2040,1320,1800
"139",139,18,1290,1860,1260,1770
"140",140,17,1410,1980,1350,1780
"141",141,17,1380,1860,1380,1860
"142",142,17,1440,2040,1380,1800
"143",143,17,1440,1980,1410,1830
"144",144,17,1380,1890,1410,1800
"145",145,16,1380,1980,1320,1800
"146",146,16,1320,1890,1350,1800
"147",147,16,1380,1920,1260,1740
"148",148,14,1350,1950,1350,1830
"149",149,18,1380,2100,1320,1800
"150",150,16,1500,2010,1410,1830
"151",151,16,1410,2010,1365,1800
"152",152,16,1380,1920,1290,1800
"153",153,15,1320,1920,1350,1800
"154",154,17,1410,1980,1350,1830
"155",155,16,1410,1920,1290,1800
"156",156,15,1410,1950,1395,1850
"157",157,18,1380,1980,1260,1785
"158",158,18,1380,1920,1320,1815
"159",159,17,1440,1860,1440,1800
"160",160,17,1365,1920,1305,1830
"161",161,16,1350,1800,1350,1720
"162",162,18,1440,1980,1410,1785
"163",163,20,1380,1950,1350,1800
"164",164,18,1440,1950,1350,1800
"165",165,18,1350,1920,1350,1830
"166",166,17,1440,1920,1320,1780
"167",167,16,1440,2100,1380,1790
"168",168,16,1410,1890,1320,1800
"169",169,16,1380,1920,1260,1680
"170",170,18,1500,1449,1320,1710
"171",171,18,1410,1980,1305,1750
"172",172,17,1380,1890,1320,1830
"173",173,16,1380,1980,1260,1830
"174",174,16,1440,1950,1350,1830
"175",175,18,1470,2070,1440,1860
"176",176,18,1470,2040,1380,1830
"177",177,17,1320,1980,1380,1800
"178",178,17,1380,1860,1380,1830
"179",179,17,1380,2040,1350,1815
"180",180,16,1440,1980,1350,1830
"181",181,16,1440,1890,1455,1830
"182",182,17,1380,1860,1380,1800
"183",183,17,1350,1920,1320,1825
"184",184,16,1560,1980,1380,1800
"185",185,19,1410,1920,1380,1760
"186",186,18,1500,1950,1310,1830
"187",187,18,1380,1920,1260,1730
"188",188,18,1455,2010,1350,1770
"189",189,16,1440,720,1380,1850
"190",190,16,1470,2010,1410,1830
"191",191,19,1440,1920,1440,1740
"192",192,17,1440,1920,1380,1740
"193",193,16,1380,1920,1380,1830
"194",194,16,1380,1980,1290,1790
"195",195,15,1410,2010,1320,1790
"196",196,17,1260,1770,1260,1770
"197",197,16,1380,2040,1380,1830
"198",198,18,1560,1950,1350,1760
"199",199,18,1320,1950,1290,1830
"200",200,19,1500,1980,1440,1830
"201",201,19,1500,2040,1380,1850
"202",202,18,1440,1920,1380,1850
"203",203,17,1260,1680,1260,1800
"204",204,16,1440,2040,1380,1830
"205",205,16,1380,1920,1380,1770
"206",206,17,1290,1920,1290,1835
"207",207,17,1380,1920,1320,1845
"208",208,16,1410,1950,1320,1740
"209",209,18,1440,1980,1320,1800
"210",210,19,1380,1980,1440,1815
"211",211,19,1380,1980,1440,1815
"212",212,18,1320,1920,1320,1860
"213",213,18,1380,1980,1320,1820
"214",214,18,1560,720,1350,1800
"215",215,18,1380,1950,1320,1800
"216",216,18,1320,1920,1320,1860
"217",217,18,1320,1950,1380,1770
"218",218,17,1380,1980,1380,1830
"219",219,18,1410,1950,1320,1780
"220",220,18,1380,1950,1320,1850
"221",221,16,1380,1980,1320,1800
"222",222,18,1440,1920,1320,1870
"223",223,17,1350,1815,1350,1770
"224",224,17,1380,1875,1320,1845
"225",225,16,1410,1980,1425,1825
"226",226,18,1410,1980,1320,1860
"227",227,18,1410,1980,1320,1860
"228",228,18,1380,2100,1350,1785
"229",229,16,1440,1980,1260,1845
"230",230,19,1440,1980,1440,1840
"231",231,17,1500,1920,1410,1800
"232",232,17,1410,2100,1380,1800
"233",233,17,1170,1710,1260,1800
"234",234,18,1530,2040,1380,1815
"235",235,18,1500,1950,1470,1800
"236",236,16,1440,1980,1380,1770
"237",237,17,1380,1980,1380,1880
"238",238,16,1440,1950,1380,1830
"239",239,19,1410,1980,1410,1800
"240",240,18,1440,2040,1380,1830
"241",241,18,1440,2040,1395,1800
"242",242,18,1500,1920,1440,1830
"243",243,17,1440,2100,1380,1860
"244",244,17,1440,1920,1380,1830
"245",245,18,1440,1920,1380,1770
"246",246,14,1260,1800,1320,1790
"247",247,17,1440,1950,1320,1815
"248",248,19,1500,1950,1350,1830
"249",249,19,1500,1950,1350,1830
"250",250,18,1440,1980,1380,1740
"251",251,18,1440,2040,1440,1840
"252",252,17,1380,1890,1320,1780
"253",253,17,1380,2100,1320,1815
"254",254,15,1410,1920,1380,1770
"255",255,15,1410,1920,1380,1770
"256",256,15,1260,1920,1260,1830
"257",257,15,1500,720,1320,1830
"258",258,18,1440,1980,1380,1860
"259",259,18,1440,2100,1350,1800
"260",260,18,1380,1980,1350,1800
"261",261,18,1500,780,1380,1845
"262",262,17,1290,1830,1320,1890
"263",263,16,1380,1920,1170,1860
"264",264,17,1380,1920,1320,1740
"265",265,17,1410,2040,1320,1800
"266",266,18,1530,2070,1440,1720
"267",267,17,1380,1920,1350,1805
"268",268,17,1470,2010,1380,1800
"269",269,16,1380,1920,1380,1860
"270",270,15,1440,2100,1380,1770
"271",271,19,1380,1980,1320,1790
"272",272,16,1680,1980,1440,1860
"273",273,17,1380,1860,1350,1845
"274",274,17,1440,1950,1320,1860
"275",275,16,1500,2040,1410,1845
"276",276,18,1530,1890,1530,1740
"277",277,18,1320,1920,1260,1860
"278",278,18,1500,720,1380,1890
"279",279,18,1260,1980,1200,1770
"280",280,19,1410,1950,1380,1815
"281",281,17,1500,1920,1380,1860
"282",282,15,1380,1920,1350,1790
"283",283,19,1440,720,1320,1770
"284",284,19,1530,2040,1380,1770
"285",285,17,1560,2040,1260,1830
"286",286,16,1440,1980,1320,1800
"287",287,16,1440,2100,1380,1740
"288",288,16,1440,1980,1320,1800
"289",289,18,1380,1980,1290,1830
"290",290,18,1380,1980,1380,1800
"291",291,19,1500,1980,1380,1740
"292",292,18,1440,1920,1380,1860
"293",293,18,1380,2040,1380,1860
"294",294,17,1800,780,1320,1860
"295",295,18,1410,1950,1350,1890
"296",296,17,1500,1980,1380,1800
"297",297,18,1380,1980,1320,1830
"298",298,18,1440,1920,1350,1800
"299",299,16,1560,1980,1320,1800
"300",300,18,1620,1920,1320,1950
"301",301,17,1380,2040,1320,1770
"302",302,17,1380,2040,1320,1770
"303",303,16,1350,2040,1290,1860
"304",304,16,1350,2040,1290,1860
"305",305,16,1365,2040,1320,1820
"306",306,16,1440,1920,1500,1800
"307",307,15,1440,2100,1320,1860
"308",308,15,1440,2100,1320,1860
"309",309,18,1500,2100,1440,1860
"310",310,18,1440,1920,1320,1800
"311",311,18,1500,1860,1500,1830
"312",312,18,1500,1980,1320,1780
"313",313,16,1440,1980,1320,1740
"314",314,17,1560,2100,1440,1850
"315",315,18,1380,1950,1320,1830
"316",316,16,1560,2100,1380,1860
"317",317,17,1380,720,1380,1840
"318",318,17,1380,2100,1335,1800
"319",319,18,1620,720,1500,2100
"320",320,19,1560,1980,1380,1800
"321",321,16,1380,1950,1350,1800
"322",322,19,1410,2000,1380,1800
"323",323,19,1560,2040,1380,1800
"324",324,19,1380,1950,1320,1800
"325",325,18,1440,1980,1320,1860
"326",326,17,1440,1980,1380,1840
"327",327,16,1530,1860,1320,1860
"328",328,16,1530,1860,1320,1860
"329",329,16,1500,720,1140,1800
"330",330,16,1410,1800,1350,1800
"331",331,15,1380,1980,1350,1815
"332",332,18,1440,1980,1260,1860
"333",333,18,1500,1920,1320,1770
"334",334,17,1380,1950,1320,1800
"335",335,17,1380,1860,1320,1770
"336",336,20,1380,2010,1320,1860
"337",337,17,1440,900,1440,1800
"338",338,17,1440,900,1440,1800
"339",339,15,1500,1920,1260,1800
"340",340,15,1500,1920,1260,1800
"341",341,15,1380,1980,1380,1770
"342",342,18,1440,1920,1620,1920
"343",343,16,1380,1980,1320,1860
"344",344,17,1380,1980,1380,1760
"345",345,17,1320,1980,1260,1800
"346",346,17,1320,1980,1260,1800
"347",347,19,1380,1980,1320,1790
"348",348,19,1410,2040,1335,1785
"349",349,18,1380,1980,1380,1830
"350",350,18,1560,2100,1455,1805
"351",351,18,1440,2010,1470,1820
"352",352,18,1410,2010,1380,1830
"353",353,18,1440,1950,1440,1860
"354",354,18,1440,1950,1380,1830
"355",355,18,1500,1980,1380,1820
"356",356,17,1350,1950,1410,1820
"357",357,17,1440,1965,1380,1770
"358",358,17,1440,1860,1320,1740
"359",359,17,1440,2010,1350,1815
"360",360,17,1410,2040,1260,1800
"361",361,17,1410,1980,1410,1820
"362",362,17,1320,1980,1380,1725
"363",363,16,1440,2040,1260,1860
"364",364,16,1440,1800,1380,1830
"365",365,16,1440,1980,1440,1810
"366",366,16,1590,2010,1440,1800
"367",367,16,1440,1800,1380,1830
"368",368,16,1290,1860,1260,1740
"369",369,16,1410,1890,1320,1830
"370",370,16,1380,1920,1380,1780
"371",371,16,1380,1980,1350,1820
"372",372,16,1455,2010,1440,1790
"373",373,16,1370,2010,1330,1820
"374",374,16,1410,2070,1500,1790
"375",375,16,1380,1980,1320,1860
"376",376,15,1440,1980,1320,1800
"377",377,15,1440,2040,1320,1770
"378",378,15,1380,1980,1320,1800
"379",379,18,1470,880,1430,1800
"380",380,18,1380,2040,1380,1800
"381",381,17,1380,1920,1350,1800
"382",382,17,1500,1980,1350,1830
"383",383,17,1500,1950,2100,1800
"384",384,17,13800,2010,1320,1840
"385",385,16,1320,1800,1230,1800
"386",386,16,1380,1950,1361,1810
"387",387,16,1380,2100,1350,1875
"388",388,16,1440,1920,1455,1815
"389",389,19,1440,1950,1380,1830
"390",390,18,1440,1920,1380,1830
"391",391,17,1350,2010,1350,1815
"392",392,17,1380,2040,1290,1830
"393",393,17,1440,1980,1350,1760
"394",394,17,1440,1920,1380,1830
"395",395,17,1380,1980,1380,1800
"396",396,16,1380,2040,1380,1800
"397",397,16,1350,1860,1320,1800
"398",398,16,1380,1980,1320,1860
"399",399,16,1560,780,1320,1830
"400",400,18,1410,1980,1380,1800
"401",401,18,1350,1920,1290,1800
"402",402,17,1380,1815,1320,1860
"403",403,17,1380,1920,1365,1810
"404",404,16,1500,2040,1380,1845
"405",405,16,1560,2040,1425,1800
"406",406,16,1470,1950,1440,1830
"407",407,18,1410,1980,1440,1860
"408",408,19,1350,1820,1350,1820
"409",409,16,1320,1920,1320,1800
"410",410,17,1380,2040,1365,1820
"411",411,17,1350,1950,1320,1770
"412",412,18,1440,2010,1380,1860
"413",413,16,1500,2100,1350,1780
"414",414,17,1410,1980,1350,1830
"415",415,17,1380,2040,1350,1830
"416",416,17,1410,2040,1350,1800
"417",417,16,1380,1980,1380,1800
"418",418,16,1500,2100,1440,1780
"419",419,16,1439,810,1380,1790
"420",420,15,1380,2010,1320,1830
"421",421,17,1380,1920,1320,1820
"422",422,16,1440,2010,1410,1830
"423",423,17,1320,1950,1320,1800
"424",424,17,1380,1980,1320,1818
"425",425,16,1380,2040,1380,1790
"426",426,16,1500,1890,1410,1755
"427",427,16,1380,1920,1350,1800
"428",428,18,1320,1860,1320,1800
"429",429,18,1380,1920,1350,1780
"430",430,17,1410,1950,1320,1845
"431",431,18,1440,1448,1320,1770
"432",432,20,1380,1860,1320,1800
"433",433,18,1380,1980,1350,1830
"434",434,18,1380,1980,1350,1770
"435",435,18,1380,1980,1350,1770
"436",436,18,1260,1725,1350,1785
"437",437,17,1440,1845,1320,1800
"438",438,17,1380,1950,1350,1770
"439",439,17,1440,1980,1320,1800
"440",440,17,1350,2010,1260,1770
"441",441,17,1320,1860,1290,1800
"442",442,17,1380,2040,1320,1820
"443",443,17,1440,1920,1410,1785
"444",444,16,1380,2040,1320,1800
"445",445,16,1380,1860,1410,1830
"446",446,16,1500,2100,1500,1800
"447",447,16,1320,2040,1380,1800
"448",448,16,1380,2040,1320,1800
"449",449,18,1440,2040,1350,1875
"450",450,18,1380,1950,1360,1825
"451",451,18,1440,1980,1380,1890
"452",452,18,1500,2040,1380,1820
"453",453,17,1410,1920,1350,1875
"454",454,17,1380,1890,2055,1830
"455",455,17,1441,1740,1380,1820
"456",456,17,1440,1980,1360,1810
"457",457,17,1380,1980,1440,1800
"458",458,17,1440,1980,1360,1810
"459",459,17,1440,1980,1380,1830
"460",460,16,1290,1920,1290,1800
"461",461,18,1560,2040,1350,1860
"462",462,17,1440,2040,1380,1830
"463",463,17,1380,1920,1260,1825
"464",464,16,1380,2040,1380,1850
"465",465,18,1380,1920,1350,1800
"466",466,17,1320,2010,1290,1830
"467",467,16,1320,1920,1320,1860
"468",468,16,1380,2040,1290,1785
"469",469,16,1440,2070,1410,1446
"470",470,16,1380,1980,1320,1830
"471",471,17,1440,1920,1440,1740
"472",472,17,1560,1890,1330,1770
"473",473,16,1380,2040,1320,1800
"474",474,19,1320,1860,1320,1761
"475",475,18,1440,1980,1380,1830
"476",476,17,1410,1950,1335,1770
"477",477,16,1320,1980,1440,1800
"478",478,17,1380,1920,1260,1860
"479",479,18,1500,1980,1380,1770
"480",480,19,1560,1920,1380,1740
"481",481,19,1410,1449,1370,1850
"482",482,18,1500,1980,1410,1845
"483",483,18,1500,2070,1380,1740
"484",484,17,1560,1800,1290,1700
"485",485,17,1410,1980,1350,1800
"486",486,17,1380,1980,1380,1770
"487",487,17,1440,1920,1320,1830
"488",488,16,1380,1980,1350,1780
"489",489,15,1320,1785,1260,1755
"490",490,17,1370,1950,1350,1780
"491",491,17,1440,1920,1260,1770
"492",492,16,1440,1860,1380,1750
"493",493,15,1440,2130,1320,1770
"494",494,18,1440,1920,1440,1800
"495",495,18,1350,1890,1350,1830
"496",496,18,1410,1860,1350,1785
"497",497,18,1290,1740,1320,1800
"498",498,17,1500,2040,1425,1815
"499",499,17,1410,1860,1350,1785
"500",500,17,1320,1920,1350,1845
"501",501,17,1440,2040,1320,1830
"502",502,17,1320,2070,1380,1830
"503",503,17,1380,1920,1320,1790
"504",504,17,1380,1920,1320,1790
"505",505,17,1380,1980,1350,1800
"506",506,18,1410,1920,1365,1780
"507",507,17,1350,1920,1365,1815
"508",508,18,1500,2010,1350,1860
"509",509,19,1440,1980,1380,1800
"510",510,18,1500,1950,1530,1790
"511",511,18,1410,1950,1410,1860
"512",512,18,1440,1920,1380,1800
"513",513,17,1530,1980,1380,1820
"514",514,17,1320,1980,1350,1800
"515",515,16,1560,2070,1440,1447
"516",516,16,1560,2040,1320,1830
"517",517,16,1350,2040,1320,1820
"518",518,15,1380,2040,1290,1830
"519",519,15,1440,2070,1380,1815
"520",520,15,1440,2040,1260,1780
"521",521,15,1410,1965,1320,1845
"522",522,15,1320,1950,1260,1740
"523",523,16,1320,1800,1260,1800
"524",524,18,1380,1860,1380,1850
"525",525,18,1440,2070,1320,1760
"526",526,17,1380,1920,1380,1800
"527",527,16,1320,2040,1260,1815
"528",528,17,1439,1980,1320,1790
"529",529,17,1500,2040,1350,1770
"530",530,16,1350,1890,1350,1830
"531",531,16,1380,2010,1290,1820
"532",532,17,1380,2040,1320,1800
"533",533,17,1450,1448,1320,1770
"534",534,17,1500,2100,1440,1875
"535",535,18,1380,1860,1350,1800
"536",536,17,1440,1980,1260,1800
"537",537,17,1440,2010,1430,1800
"538",538,19,1440,1920,1380,1875
"539",539,19,1620,2040,1470,1800
"540",540,19,1620,2040,1470,1800
"541",541,18,1350,1860,1350,1770
"542",542,18,1620,2100,1230,1800
"543",543,18,1380,1980,1320,1850
"544",544,17,1380,1950,1320,1840
"545",545,17,1440,2040,1410,1830
"546",546,17,1440,1980,1380,1820
"547",547,17,1440,2040,1380,1860
"548",548,17,1560,1980,1500,1800
"549",549,17,1440,1980,1380,1820
"550",550,17,1380,2010,1350,1815
"551",551,16,1440,2040,1320,1770
"552",552,16,1440,2040,1320,1770
"553",553,16,1260,2070,1230,1790
"554",554,16,1380,2010,1365,1765
"555",555,16,1440,2040,1350,1810
"556",556,18,1380,1980,1380,1890
"557",557,18,1350,1950,1320,1800
"558",558,18,1410,1920,1350,1815
"559",559,17,1440,2040,1440,1850
"560",560,17,1470,2040,1410,1845
"561",561,17,1380,1920,1320,1800
"562",562,15,1380,2100,1380,1830
"563",563,18,1440,1980,1380,1830
"564",564,18,1440,2040,1320,1830
"565",565,17,1380,2040,1320,1770
"566",566,17,1380,1950,1380,1770
"567",567,17,1320,1980,1305,1847
"568",568,16,1590,2100,1380,1785
"569",569,19,1560,2010,1350,1835
"570",570,18,1320,1920,1380,1863
"571",571,18,1380,1920,1350,1815
"572",572,18,1440,1980,1350,1800
"573",573,16,1380,1920,1320,1845
"574",574,15,1380,1980,1320,1800
"575",575,17,1440,720,1380,1830
"576",576,17,1380,1986,1290,1810
"577",577,16,1410,1980,1440,1800
"578",578,16,1380,1920,1320,1755
"579",579,16,1470,1980,1380,1780
"580",580,15,1380,1980,1260,1770
"581",581,18,1410,1950,1380,1800
"582",582,16,1440,1920,1320,1860
"583",583,18,1560,2100,1410,1800
"584",584,17,1440,2040,1350,1815
"585",585,17,1440,2040,1350,1815
"586",586,17,1260,1860,1320,1680
"587",587,18,1380,1860,1320,1800
"588",588,18,1440,2040,1350,1800
"589",589,16,2070,2010,1260,1800
"590",590,16,1380,1980,1290,1710
"591",591,18,1440,1448,1320,1830
"592",592,18,1320,1920,1260,1800
"593",593,17,1320,1740,1380,1770
"594",594,17,1320,1740,1380,1770
"595",595,17,1560,1860,1380,1770
"596",596,18,1500,1950,1410,1830
"597",597,17,1440,1980,1320,1800
"598",598,18,1500,1980,1320,1840
"599",599,17,1590,2040,1350,1860
"600",600,16,1380,1920,1380,1740
"601",601,16,1380,2040,1350,1770
"602",602,16,1560,-3960,1370,1755
"603",603,16,1320,2010,1320,1830
"604",604,19,1470,2070,1380,1830
"605",605,19,1380,2040,1380,1770
"606",606,18,1620,1980,1260,1800
"607",607,17,1380,1920,1440,1800
"608",608,17,1380,1980,1320,1800
"609",609,17,1350,1980,1320,1780
"610",610,16,1410,2100,1380,1850
"611",611,2,1365,1980,1305,1780
"612",612,20,1680,1980,1560,1830
"613",613,18,1620,2100,1380,1860
"614",614,18,1320,1800,1320,1800
"615",615,17,1440,2100,1350,1830
"616",616,17,1620,960,1350,1845
"617",617,16,1380,1920,1350,1800
"618",618,17,1380,2040,1290,1760
"619",619,17,1530,2070,1470,1790
"620",620,17,1440,2040,1350,1830
"621",621,16,1230,1890,1305,1845
"622",622,16,1470,1920,1275,1810
"623",623,18,1500,2040,1425,1820
"624",624,18,1380,1830,1380,1890
"625",625,18,1410,2070,1320,1860
"626",626,18,1380,2040,1440,1980
"627",627,17,1680,1920,1380,1800
"628",628,17,1410,1980,1410,1870
"629",629,17,1320,1920,1320,1770
"630",630,16,1440,1950,1380,1800
"631",631,15,1500,1920,1440,1810
"632",632,16,1680,2100,1350,1740
"633",633,18,1410,1920,1380,1815
"634",634,18,1440,1800,1380,1800
"635",635,18,1440,2020,1380,1815
"636",636,16,1560,1980,1380,1860
"637",637,16,1560,2040,1320,1800
"638",638,20,1320,1980,1260,1860
"639",639,20,1320,1980,1260,1860
"640",640,19,1500,1980,1350,1800
"641",641,19,1500,1980,1350,1800
"642",642,18,1560,720,1500,1880
"643",643,18,1620,2100,1440,1845
"644",644,18,1320,1920,1260,1770
"645",645,18,1620,2100,1440,1845
"646",646,18,1380,1980,1320,1810
"647",647,18,1320,1890,1260,1770
"648",648,18,1500,2130,1380,1840
"649",649,18,1560,1980,1380,1820
"650",650,17,1560,780,1380,1770
"651",651,17,1440,1920,1380,1830
"652",652,17,1380,1980,1320,1816
"653",653,17,1500,1920,1320,1710
"654",654,17,1380,2040,1380,1800
"655",655,16,1560,1920,1460,1810
"656",656,16,1380,2010,1350,1830
"657",657,16,1350,1980,1320,1730
"658",658,16,1440,840,1320,1800
"659",659,16,1350,1950,1320,1830
"660",660,16,1380,1920,1320,1824
"661",661,15,1590,2030,1440,1740
"662",662,NA,1430,2040,1320,1780
"663",663,19,1560,2040,1440,1875
"664",664,19,1470,2070,1410,1860
"665",665,19,1410,1920,1380,1860
"666",666,18,1380,2070,1365,1800
"667",667,18,1500,1980,1470,1810
"668",668,18,1380,1980,1320,1860
"669",669,17,1320,1920,1230,1785
"670",670,17,1440,1980,1320,1830
"671",671,16,1560,1920,1320,1815
"672",672,16,1320,1920,1320,1840
"673",673,16,1500,1980,1440,1740
"674",674,15,1430,1920,1320,1830
"675",675,19,1380,1920,1260,1830
"676",676,19,1380,1920,1260,1830
"677",677,18,1500,1980,1320,1740
"678",678,18,1440,720,1320,1860
"679",679,18,1560,1980,1380,1800
"680",680,17,1410,1860,1380,1800
"681",681,17,1380,1980,1380,1740
"682",682,17,1380,1980,1440,1860
"683",683,16,1470,1950,1365,1820
"684",684,16,1350,1950,1320,1800
"685",685,16,1290,1860,1260,1800
"686",686,16,1380,1920,1350,1800
"687",687,19,1320,1890,1260,1740
"688",688,18,1500,1680,1380,1710
"689",689,18,1560,2040,1380,1800
"690",690,18,1440,2040,1320,1800
"691",691,18,1560,1800,1380,1800
"692",692,18,1500,1920,1380,1850
"693",693,17,1380,2040,1320,1740
"694",694,17,1440,2100,1380,1840
"695",695,17,1500,2100,1380,1830
"696",696,17,1620,2040,1440,1860
"697",697,17,1410,1920,1380,1760
"698",698,16,1410,2010,1320,1835
"699",699,16,1500,2040,1380,1870
"700",700,16,1560,1800,1260,1875
"701",701,19,1440,1980,1320,1830
"702",702,19,1440,1980,1320,1830
"703",703,17,1380,1980,1320,1800
"704",704,17,1320,1980,1260,1770
"705",705,17,1320,1980,1260,1770
"706",706,16,1470,2000,1425,1845
"707",707,18,1350,1890,1350,1790
"708",708,16,1380,2040,1380,1785
"709",709,18,1380,1920,1380,1870
"710",710,18,1410,2010,1290,1710
"711",711,18,1380,1980,1335,1780
"712",712,17,1410,1860,1320,1740
"713",713,17,1440,2040,1380,1820
"714",714,16,1410,2040,1320,1800
"715",715,18,1360,2100,1260,1860
"716",716,17,1560,2040,1430,1850
"717",717,18,1620,1980,1590,1820
"718",718,18,1440,2040,1320,1815
"719",719,17,1590,720,1560,1840
"720",720,16,1530,2080,1320,1795
"721",721,18,1320,1860,1320,1785
"722",722,18,1320,1920,1350,1770
"723",723,18,1320,1920,1350,1770
"724",724,16,1380,1980,1380,1830
"725",725,16,1380,1980,1320,1800
"726",726,18,1440,2040,1320,1850
"727",727,17,1440,2130,1320,1875
"728",728,17,1380,2040,1410,1845
"729",729,17,1410,1920,1320,1800
"730",730,17,1410,1920,1320,1800
"731",731,16,1650,1980,1290,1800
"732",732,16,1430,750,1350,1810
"733",733,17,1380,1980,1320,1820
"734",734,16,1320,1980,1380,1860
"735",735,16,1440,2100,1380,1845
"736",736,16,1380,2040,1350,1800
"737",737,16,1500,2040,1440,1860
"738",738,18,1380,1920,1380,1860
"739",739,18,1500,1920,1380,1447
"740",740,17,1320,1920,1260,1780
"741",741,16,1440,1980,1290,1770
"742",742,18,1440,2040,1360,1730
"743",743,16,1680,2070,1380,1840
"744",744,18,1380,1920,60000,1860
"745",745,17,1350,1980,1320,1446
"746",746,16,1440,2100,1260,1740
"747",747,19,1620,1980,1560,1980
"748",748,18,1320,1980,1290,1795
"749",749,18,1320,1980,1290,1795
"750",750,17,1560,1980,1350,1800
"751",751,17,1560,1980,1350,1800
"752",752,17,1440,1980,1380,1800
"753",753,16,1500,2100,1320,1830
"754",754,16,1500,2100,1320,1830
"755",755,18,1500,1830,1440,1830
"756",756,18,1560,2040,1440,1790
"757",757,18,1380,1800,1320,1830
"758",758,17,1440,1920,1470,1860
"759",759,17,1320,1920,1320,1820
"760",760,17,1380,1920,1380,1820
"761",761,15,1380,1950,1380,1800
"762",762,19,1380,1980,1440,1800
"763",763,18,1440,2070,1380,1820
"764",764,17,1380,1980,1320,1800
"765",765,16,1380,1980,1260,1830
"766",766,16,1380,1860,1295,1790
"767",767,15,1380,2040,1290,1800
"768",768,17,1440,1980,1380,1845
"769",769,18,1380,2040,1380,1830
"770",770,17,1440,1920,1380,1740
"771",771,19,1410,1830,1320,1850
"772",772,17,1500,2040,1200,1860
"773",773,17,1530,2130,2100,1770
"774",774,19,1410,1950,1335,1785
"775",775,18,1260,1740,1200,1680
"776",776,17,1380,1740,1350,1860
"777",777,17,1590,2040,1380,1800
"778",778,18,1441,750,1440,1830
"779",779,20,1470,2010,1380,1770
"780",780,19,1380,1950,1380,1770
"781",781,18,1440,2100,1320,1810
"782",782,18,1380,1980,1260,1800
"783",783,18,1380,1980,1320,1830
"784",784,18,1380,1980,1320,1830
"785",785,18,1380,1920,1290,1830
"786",786,17,1440,1980,1380,1830
"787",787,17,1530,2040,1380,1820
"788",788,17,1320,1950,1290,1770
"789",789,16,1440,1980,1380,1830
"790",790,16,1380,2100,1320,1820
"791",791,16,1500,2040,1410,1820
"792",792,16,1560,2100,1440,1800
"793",793,16,1560,2100,1440,1800
"794",794,16,1620,720,1320,1800
"795",795,15,1350,1920,1200,1785
"796",796,19,1560,1800,1380,1770
"797",797,19,1440,1920,1320,1800
"798",798,18,1560,2100,1380,1800
"799",799,18,1500,2100,1320,1800
"800",800,17,1440,2100,1320,1840
"801",801,17,1620,720,1380,1800
"802",802,16,1410,2040,1380,1800
"803",803,19,1590,2010,1440,1950
"804",804,18,1320,1920,1200,1800
"805",805,18,1620,1980,1440,1830
"806",806,18,1560,1920,1440,1830
"807",807,18,1440,1920,1320,1830
"808",808,18,1440,1920,1380,1800
"809",809,18,1320,1860,1320,1800
"810",810,17,1320,1980,1320,1860
"811",811,16,1350,1980,1290,1800
"812",812,16,1500,2040,1440,1840
"813",813,18,1320,2040,1380,1800
"814",814,17,1440,1890,1380,1740
"815",815,16,1380,1860,1320,1860
"816",816,18,1440,1920,1320,1870
"817",817,17,1620,720,1500,1860
"818",818,17,1620,780,1380,1800
"819",819,17,1620,780,1380,1800
"820",820,19,1320,1920,1320,1815
"821",821,18,1560,720,1380,1830
"822",822,18,1440,1920,1440,1680
"823",823,18,1500,2040,1440,1830
"824",824,16,1440,2040,1280,1790
"825",825,16,1440,2040,1280,1790
"826",826,19,1380,2040,1320,1860
"827",827,15,1440,1920,1380,1770
"828",828,15,1440,1920,1380,1770
"829",829,17,1530,1920,1410,1800
"830",830,18,1620,720,1380,1790
"831",831,17,1380,2100,1380,1800
"832",832,17,1500,2040,1410,1840
"833",833,16,1620,1860,1440,1860
"834",834,18,1380,1920,1320,1840
"835",835,18,1260,1890,1200,1770
"836",836,18,1320,1980,1200,1830
"837",837,18,1380,1950,1350,1820
"838",838,18,1320,1920,1320,1800
"839",839,18,1380,1980,1320,1860
"840",840,18,1560,1980,1380,1800
"841",841,17,1380,1920,1350,1860
"842",842,17,1380,2070,1350,1860
"843",843,17,1440,2040,1290,1770
"844",844,17,1350,2100,1320,1770
"845",845,17,1500,2100,1380,1830
"846",846,17,13800,1890,2070,1815
"847",847,17,1440,1980,1320,1760
"848",848,17,1442,2040,1380,1800
"849",849,17,1440,2040,1320,1770
"850",850,16,1440,2130,1320,1830
"851",851,16,1380,1980,1380,1830
"852",852,16,1440,2130,1320,1830
"853",853,16,1380,1890,1350,1820
"854",854,16,1410,2010,1380,1820
"855",855,16,1440,1860,1410,1820
"856",856,15,1380,2100,1320,1830
"857",857,19,1680,2040,1320,1800
"858",858,18,1500,2130,1380,1835
"859",859,18,1440,1920,1380,1770
"860",860,18,1380,2040,1380,1790
"861",861,18,1380,1980,1290,1800
"862",862,16,1365,2010,1410,1860
"863",863,18,1440,1980,1380,1740
"864",864,17,1380,2040,1440,1800
"865",865,17,1440,2010,1380,1860
"866",866,16,1410,1980,1380,1770
"867",867,15,1440,1980,1260,1790
"868",868,15,1320,1980,1290,1800
"869",869,18,1500,1920,1380,1860
"870",870,18,1440,2100,1410,1860
"871",871,18,1320,1800,1260,1830
"872",872,18,1440,1980,1380,1800
"873",873,18,1920,900,1335,1800
"874",874,18,1320,1800,1290,1770
"875",875,18,1380,1920,1380,1860
"876",876,17,1560,2100,1380,1830
"877",877,16,1500,2040,1320,1830
"878",878,16,1440,1980,1440,1815
"879",879,16,1500,720,1380,1850
"880",880,18,1320,1920,1320,1770
"881",881,19,1350,1860,1290,1770
"882",882,19,1380,2040,1320,1770
"883",883,19,1380,1860,1410,1830
"884",884,19,1440,2100,1440,1785
"885",885,18,1440,1950,1470,1830
"886",886,18,1440,1980,1380,1850
"887",887,18,1410,1950,1380,1800
"888",888,18,1380,1920,1320,1800
"889",889,18,1380,1860,1380,1740
"890",890,18,1350,1800,1320,1770
"891",891,18,1320,1845,1320,1785
"892",892,18,1380,2010,1320,1860
"893",893,18,1380,1950,1380,1770
"894",894,18,1410,1950,1380,1875
"895",895,18,1470,1890,1440,1800
"896",896,18,1380,1920,1380,1800
"897",897,18,1440,1980,1440,1785
"898",898,18,1440,2040,1440,1800
"899",899,18,1320,1830,1275,1790
"900",900,18,1440,1980,1440,1800
"901",901,17,1440,2040,1320,1770
"902",902,17,1380,1980,1320,1785
"903",903,17,1380,1890,1320,1800
"904",904,17,1380,1890,1320,1800
"905",905,17,1560,1980,1380,1780
"906",906,17,1380,1920,1320,1770
"907",907,17,1410,1980,1380,1815
"908",908,17,1395,1980,1330,1770
"909",909,17,1350,1980,1320,1830
"910",910,17,1380,1920,1350,1800
"911",911,17,1320,1890,1350,1815
"912",912,17,1380,1920,1290,1730
"913",913,17,1410,1980,1380,1830
"914",914,17,1350,2040,1290,1795
"915",915,17,1380,2010,1365,1830
"916",916,17,1320,1800,2010,1740
"917",917,17,1380,1860,1350,1830
"918",918,17,1380,1770,1350,1710
"919",919,17,1410,1980,1320,1810
"920",920,17,1430,1980,1380,1800
"921",921,17,1410,1890,1380,1800
"922",922,17,1380,1920,1335,1815
"923",923,17,1380,1995,1500,1800
"924",924,17,1500,2085,1440,1830
"925",925,16,1380,1920,1320,1770
"926",926,16,1320,2040,1320,1800
"927",927,16,1380,2040,1380,1800
"928",928,16,1350,1980,1350,1815
"929",929,16,1380,1980,1350,1815
"930",930,16,1440,1980,1440,1860
"931",931,16,1380,2010,1350,1830
"932",932,16,1440,1980,1320,1800
"933",933,16,1500,1980,1470,1810
"934",934,16,1500,1980,1470,1810
"935",935,16,1500,780,1380,1800
"936",936,16,1380,1860,1440,1800
"937",937,16,1410,1860,1410,1815
"938",938,16,1500,2100,1440,1740
"939",939,16,1410,1980,1380,1840
"940",940,16,1440,1980,1350,1830
"941",941,16,1440,2010,1380,1800
"942",942,16,1440,2040,1410,1447
"943",943,16,1500,2070,1440,1830
"944",944,16,1440,1900,1300,1825
"945",945,16,1380,2040,1300,1800
"946",946,16,1410,1950,1290,1825
"947",947,16,1350,1980,1350,1835
"948",948,16,1470,2040,1395,1800
"949",949,15,1440,1980,1380,1830
"950",950,15,1500,2070,1350,1840
"951",951,15,1410,2025,1320,1840
"952",952,15,1380,1980,1320,1830
"953",953,7,1320,1860,1320,1790
"954",954,19,1440,2040,1380,1830
"955",955,19,1770,1980,1380,1830
"956",956,19,1440,1920,1380,1850
"957",957,18,1771,1980,1500,1840
"958",958,18,1500,2007,1350,1814
"959",959,17,1470,2040,1470,1800
"960",960,17,1440,1980,1380,1860
"961",961,17,1380,1890,1350,1560
"962",962,17,1380,1890,1290,1800
"963",963,17,1440,2010,1440,1830
"964",964,17,1410,2040,1350,1750
"965",965,17,1500,1920,1410,1830
"966",966,16,1390,1905,1260,1800
"967",967,16,1470,1950,1380,1800
"968",968,16,1320,1950,1260,1810
"969",969,16,1380,2040,1365,1860
"970",970,16,1320,2070,1440,1845
"971",971,16,1440,1920,1320,1800
"972",972,15,1290,2010,1290,1815
"973",973,18,1440,2040,1380,1850
"974",974,18,1440,2040,1380,1850
"975",975,17,1380,1920,1320,1830
"976",976,20,1410,1920,1410,1800
"977",977,19,1530,2040,1410,1815
"978",978,18,1380,1860,1350,1800
"979",979,18,1500,2040,1320,1870
"980",980,18,1380,1980,1380,1800
"981",981,18,1440,2040,1380,1780
"982",982,17,1380,1920,1320,1800
"983",983,17,1380,1980,1305,1815
"984",984,17,1380,2010,1380,1830
"985",985,17,1320,1890,1320,1830
"986",986,17,1410,1980,1380,1830
"987",987,17,1440,2040,1350,1860
"988",988,17,1350,1890,1320,1800
"989",989,17,1380,1980,1380,1785
"990",990,16,1455,2040,1350,1815
"991",991,16,1320,1980,1260,1825
"992",992,15,1320,1830,1290,1800
"993",993,15,1440,1980,1440,1830
"994",994,18,1380,1980,1410,1860
"995",995,18,1380,2010,1320,1810
"996",996,18,1380,1920,1350,1830
"997",997,18,1500,1860,1440,1830
"998",998,18,1470,1950,1395,1825
"999",999,18,1380,1920,1350,1780
"1000",1000,17,1320,1860,1350,1800
"1001",1001,17,1440,2040,1350,1860
"1002",1002,17,1380,1980,1350,1830
"1003",1003,16,1440,1920,1410,1830
"1004",1004,16,1500,2070,1410,1860
"1005",1005,16,1350,1980,1350,1860
"1006",1006,16,1470,2070,1380,1815
"1007",1007,16,1440,1980,1320,1825
"1008",1008,16,1455,2010,1350,1755
"1009",1009,16,1500,2100,1470,1845
"1010",1010,19,1380,2100,1320,1800
"1011",1011,19,1380,2100,1320,1800
"1012",1012,17,1410,2100,1260,1800
"1013",1013,16,1560,2040,1380,1830
"1014",1014,18,1380,1920,1380,1860
"1015",1015,16,1320,2040,1260,1770
"1016",1016,16,1410,1860,1380,1830
"1017",1017,18,1440,1940,1380,1770
"1018",1018,17,1410,2040,1350,1775
"1019",1019,17,1500,1980,1320,1755
"1020",1020,18,1350,2040,1350,1780
"1021",1021,17,1380,1830,1350,1830
"1022",1022,16,1500,1980,1440,1860
"1023",1023,17,1440,1920,1320,1740
"1024",1024,18,1560,2040,1440,1800
"1025",1025,17,1380,2040,1320,1800
"1026",1026,16,1350,1920,1305,1830
"1027",1027,16,1380,2040,1440,2100
"1028",1028,17,1410,2010,1410,1865
"1029",1029,17,1560,1980,1440,1830
"1030",1030,16,1380,1920,1380,1800
"1031",1031,18,1620,2040,1320,1815
"1032",1032,16,1320,1960,1230,1750
"1033",1033,17,1410,2100,1350,1850
"1034",1034,17,1440,2040,1380,1860
"1035",1035,18,1410,1950,1380,1840
"1036",1036,17,1380,1920,1350,1800
"1037",1037,17,1440,1860,1380,1830
"1038",1038,18,1320,1920,1260,1770
"1039",1039,16,1360,1950,1290,1770
"1040",1040,19,1410,1950,1320,1800
"1041",1041,18,1440,2070,1410,1915
"1042",1042,18,1440,1965,1470,1860
"1043",1043,17,1500,2100,1470,1830
"1044",1044,17,1350,1980,1335,1830
"1045",1045,17,1380,1950,1380,1860
"1046",1046,17,1380,1980,1320,1800
"1047",1047,17,1530,2010,1440,1830
"1048",1048,17,1380,1920,1290,1770
"1049",1049,17,1410,1995,1335,1790
"1050",1050,17,1500,2100,1500,1830
"1051",1051,17,1320,1950,1290,1760
"1052",1052,17,1380,1920,1320,1800
"1053",1053,17,1320,1920,1215,1800
"1054",1054,16,1320,1920,1410,1800
"1055",1055,16,1350,1980,1320,1800
"1056",1056,16,1410,1920,1410,1785
"1057",1057,16,1440,2040,1290,1800
"1058",1058,16,1380,2100,1380,1810
"1059",1059,16,1350,1800,1320,1780
"1060",1060,16,1410,2040,1380,1830
"1061",1061,16,1350,1890,1320,1800
"1062",1062,16,1410,1980,1320,1845
"1063",1063,16,1290,1920,1230,1790
"1064",1064,15,1380,1950,1350,1780
"1065",1065,17,1440,1950,1410,1845
"1066",1066,17,1380,1905,1380,1860
"1067",1067,19,1350,1920,1350,1830
"1068",1068,17,1440,2070,1350,1800
"1069",1069,17,1440,1950,1350,1830
"1070",1070,17,1470,1980,1380,1755
"1071",1071,17,1440,1980,1320,1800
"1072",1072,16,1320,1800,1140,1760
"1073",1073,15,1380,1920,1320,1820
"1074",1074,19,1380,1980,1350,1830
"1075",1075,18,1380,1920,1320,1840
"1076",1076,17,1440,1950,1380,1830
"1077",1077,17,1380,1770,1380,1800
"1078",1078,16,1530,2010,1380,1850
"1079",1079,16,1410,2040,1320,1830
"1080",1080,16,1380,2040,1380,1845
"1081",1081,18,1380,1860,1290,1770
"1082",1082,16,1320,1980,1230,1800
"1083",1083,17,1320,2040,1260,1740
"1084",1084,18,1620,2100,1380,1845
"1085",1085,18,1410,2100,1320,1770
"1086",1086,16,1440,2070,1395,1830
"1087",1087,17,1500,2100,1440,1860
"1088",1088,17,1500,2100,1440,1800
"1089",1089,18,1470,1950,1410,1830
"1090",1090,17,1440,2040,1350,1800
"1091",1091,16,1440,1980,1380,1830
"1092",1092,16,1440,1980,1410,1830
"1093",1093,19,1410,1860,1320,1780
"1094",1094,17,1380,1920,1340,1790
"1095",1095,17,1380,2040,1380,1800
"1096",1096,18,1410,2010,1320,1825
"1097",1097,17,1500,1950,1380,1840
"1098",1098,16,1530,1920,1440,1840
"1099",1099,18,1410,1920,1350,1780
"1100",1100,17,1410,2040,1425,1765
"1101",1101,16,1380,1980,1350,1840
"1102",1102,19,1710,720,1320,1830
"1103",1103,19,1710,720,1320,1830
"1104",1104,19,1380,1980,1350,1860
"1105",1105,19,1320,1920,1320,1860
"1106",1106,19,1380,1920,1290,1760
"1107",1107,19,1440,1890,1380,1800
"1108",1108,19,1380,1920,1380,1860
"1109",1109,18,1470,2090,1380,1800
"1110",1110,18,1380,1950,1410,1800
"1111",1111,18,1380,1920,1441,1440
"1112",1112,18,1470,1920,2030,1740
"1113",1113,18,1440,2040,1350,1830
"1114",1114,18,1320,1920,1410,1825
"1115",1115,18,1440,720,1440,1800
"1116",1116,18,1440,1920,1350,1815
"1117",1117,18,1320,2040,1320,1810
"1118",1118,17,1500,2040,1380,1800
"1119",1119,17,1380,1980,1350,1830
"1120",1120,17,1440,2100,1410,1840
"1121",1121,17,1380,1980,1290,1820
"1122",1122,17,1440,1950,1320,1755
"1123",1123,17,1320,1860,1290,1800
"1124",1124,17,1320,1920,1320,1800
"1125",1125,17,1320,1920,1380,1800
"1126",1126,17,1350,1890,1380,1770
"1127",1127,17,1410,1950,1380,1820
"1128",1128,17,1350,1950,1380,1830
"1129",1129,17,1410,1950,1260,1800
"1130",1130,16,1410,2040,1350,1830
"1131",1131,16,1380,2040,1260,1830
"1132",1132,16,1440,1980,1350,1830
"1133",1133,16,1440,1980,1380,1830
"1134",1134,16,1430,1920,1380,1800
"1135",1135,16,1350,1920,1320,1815
"1136",1136,16,1380,1860,1290,1815
"1137",1137,16,1380,1950,1350,1820
"1138",1138,16,1370,1980,1290,1785
"1139",1139,16,1380,1860,1350,1785
"1140",1140,16,1470,1980,1440,1820
"1141",1141,16,1380,2040,1350,1830
"1142",1142,16,1410,1920,1335,1815
"1143",1143,15,1440,1860,1290,1800
"1144",1144,19,1440,2100,1290,1800
"1145",1145,18,1440,1980,1350,1830
"1146",1146,17,1380,1860,1380,1860
"1147",1147,17,1440,1860,1260,1770
"1148",1148,17,1500,2070,1425,1840
"1149",1149,17,1440,1980,1395,1835
"1150",1150,17,1440,1920,1410,1830
"1151",1151,16,1380,2040,1380,1880
"1152",1152,15,1500,1980,1440,1830
"1153",1153,19,1500,2040,1350,1815
"1154",1154,19,1530,2130,1320,1830
"1155",1155,19,1500,2040,1350,1815
"1156",1156,19,1530,2130,1320,1830
"1157",1157,16,1440,1890,1350,1800
"1158",1158,17,1380,2040,1350,1815
"1159",1159,17,1320,1860,1230,1830
"1160",1160,17,1365,1995,1335,1780
"1161",1161,17,1410,1990,1380,1860
"1162",1162,17,1440,1980,1350,1770
"1163",1163,17,1440,1860,1350,1800
"1164",1164,17,1500,1980,1440,1800
"1165",1165,16,1440,1920,1440,1840
"1166",1166,16,1380,1980,1380,1860
"1167",1167,16,1320,1980,1260,1845
"1168",1168,16,1350,1950,1350,1830
"1169",1169,16,1380,2040,1380,1830
"1170",1170,20,1440,1920,1440,1860
"1171",1171,19,1380,1920,1320,1860
"1172",1172,18,1500,2100,1380,1860
"1173",1173,18,1380,1980,1320,1800
"1174",1174,17,1440,1980,1410,1860
"1175",1175,17,1380,1980,1350,1780
"1176",1176,16,1440,2040,1320,1840
"1177",1177,16,1440,1980,1410,1800
"1178",1178,16,1350,1950,1305,1770
"1179",1179,15,1380,1920,1380,1830
"1180",1180,19,1440,1920,1380,1800
"1181",1181,16,1380,1860,1200,1710
"1182",1182,18,1320,1890,1320,1770
"1183",1183,18,1500,2100,1440,1875
"1184",1184,16,1380,2010,1380,1800
"1185",1185,17,1380,1980,1380,1860
"1186",1186,19,1500,2010,1440,1860
"1187",1187,18,1380,1980,2085,1890
"1188",1188,17,1440,1920,1380,1824
"1189",1189,16,1350,1890,1320,1830
"1190",1190,16,1410,2130,1365,1860
"1191",1191,16,1380,1920,1380,1860
"1192",1192,16,1440,1920,1380,1830
"1193",1193,16,1290,1950,1350,1830
"1194",1194,18,1440,1860,1380,1770
"1195",1195,17,1470,750,1440,1860
"1196",1196,16,1320,1800,1260,1790
"1197",1197,17,1530,2040,1355,1845
"1198",1198,16,1470,2010,1380,1830
"1199",1199,18,1430,1920,1290,1800
"1200",1200,17,1440,1980,1320,1790
"1201",1201,15,1350,1980,1380,1850
"1202",1202,18,1380,1980,1380,1845
"1203",1203,18,1410,2040,1380,1845
"1204",1204,18,1440,1920,1320,1830
"1205",1205,18,1440,1920,1350,1800
"1206",1206,18,1440,1980,1410,1800
"1207",1207,18,1500,2010,1470,1800
"1208",1208,18,1320,1860,1260,1785
"1209",1209,17,1360,2100,1360,1830
"1210",1210,17,1350,1950,1320,1800
"1211",1211,17,1320,1920,1320,1830
"1212",1212,17,1380,1980,1380,1855
"1213",1213,17,1320,1980,1320,1800
"1214",1214,17,1500,2040,1440,1800
"1215",1215,17,1320,1980,1320,1800
"1216",1216,17,1380,2010,1320,1790
"1217",1217,17,1380,1980,1380,1860
"1218",1218,17,1440,1980,1380,1830
"1219",1219,17,1380,1980,1380,1850
"1220",1220,17,1380,2000,1320,1840
"1221",1221,17,1440,2010,1350,1860
"1222",1222,17,1380,1920,1381,1817
"1223",1223,17,1380,1980,1380,1770
"1224",1224,16,1500,2100,1380,1830
"1225",1225,16,1380,1980,1320,1800
"1226",1226,16,1320,1980,1305,1840
"1227",1227,16,1440,2100,1410,1820
"1228",1228,16,1590,2070,1380,1750
"1229",1229,16,1590,2070,1320,1800
"1230",1230,19,1470,1980,1470,1860
"1231",1231,19,1590,2070,2070,1830
"1232",1232,18,1380,1980,1260,1830
"1233",1233,18,1380,1920,1350,1770
"1234",1234,17,1320,2040,1260,1840
"1235",1235,17,1410,1920,1350,1800
"1236",1236,17,1500,1920,1320,1760
"1237",1237,17,1440,1920,1350,1830
"1238",1238,17,1380,1920,1320,1820
"1239",1239,16,1320,1860,1320,1800
"1240",1240,16,1320,1860,1320,1800
"1241",1241,16,1350,2010,1350,1880
"1242",1242,18,1380,2040,1380,1830
"1243",1243,18,1410,2010,1290,1815
"1244",1244,17,1410,1980,1350,1800
"1245",1245,17,1380,1860,1350,1770
"1246",1246,16,1380,1980,1380,2010
"1247",1247,16,1380,1920,1320,1800
"1248",1248,18,1380,1950,1320,1800
"1249",1249,17,1500,2100,1320,1800
"1250",1250,15,1380,1950,1320,1795
"1251",1251,17,1380,2010,1380,1860
"1252",1252,16,1440,1920,1410,1850
"1253",1253,16,1380,1920,1410,1860
"1254",1254,18,1440,1452,1440,1800
"1255",1255,18,1380,1920,1350,1825
"1256",1256,17,1410,2040,1320,1835
"1257",1257,19,1440,1920,1440,1800
"1258",1258,18,1500,2010,1410,1860
"1259",1259,18,1440,2040,1290,1720
"1260",1260,17,1410,2100,1380,1830
"1261",1261,17,1440,2040,1320,1860
"1262",1262,17,1380,1920,1380,1830
"1263",1263,17,1530,2070,1440,1830
"1264",1264,17,1500,2100,1350,1800
"1265",1265,17,1350,1860,1380,1740
"1266",1266,17,1440,2010,1440,1800
"1267",1267,17,1380,1980,1350,1770
"1268",1268,16,1380,2010,1320,1830
"1269",1269,16,1380,1920,1320,1800
"1270",1270,16,1470,1980,1440,1725
"1271",1271,16,1350,1950,1350,1830
"1272",1272,16,1440,2010,1350,1830
"1273",1273,15,1380,2040,1380,1800
"1274",1274,15,1410,1950,1365,1780
"1275",1275,19,2100,1860,2070,1850
"1276",1276,19,1500,1950,1440,1800
"1277",1277,19,1380,2100,1380,1950
"1278",1278,18,1380,1950,1350,1785
"1279",1279,18,1320,1770,1320,1770
"1280",1280,18,1620,2040,1440,1830
"1281",1281,17,1440,2040,1320,1740
"1282",1282,17,1470,2040,1380,1810
"1283",1283,17,1500,1980,1320,1980
"1284",1284,17,1410,2040,1380,1800
"1285",1285,17,1440,1890,1380,1800
"1286",1286,16,1500,2040,1350,1860
"1287",1287,16,1380,1980,1320,1830
"1288",1288,16,1470,1980,1350,1770
"1289",1289,16,1410,2100,1380,1860
"1290",1290,16,1440,2040,1380,1800
"1291",1291,15,1440,2010,1350,1790
"1292",1292,18,1500,1980,1380,1830
"1293",1293,16,1440,2010,1380,1830
"1294",1294,18,1440,2010,1380,1835
"1295",1295,18,1440,1980,1360,1851
"1296",1296,17,1440,1980,1335,1850
"1297",1297,16,1380,1800,1410,1800
"1298",1298,16,1410,1920,1320,1790
"1299",1299,16,1440,2040,1350,1860
"1300",1300,15,1440,1875,1380,1840
"1301",1301,16,1350,1920,1320,1800
"1302",1302,18,1380,1950,1380,1800
"1303",1303,18,1440,1980,1380,1740
"1304",1304,17,1410,1920,1380,1840
"1305",1305,16,1560,780,1440,1890
"1306",1306,19,1590,2010,1380,1850
"1307",1307,17,1380,1980,1260,1800
"1308",1308,18,1410,1860,1320,1770
"1309",1309,18,1410,1980,1320,1790
"1310",1310,17,1440,2010,1320,1800
"1311",1311,18,1380,1860,1400,1815
"1312",1312,19,1350,1950,1350,1860
"1313",1313,18,1380,1950,1320,1760
"1314",1314,19,1470,1950,1440,1785
"1315",1315,19,1260,2040,1380,1740
"1316",1316,19,1440,1980,1380,1860
"1317",1317,19,1500,2040,1350,1800
"1318",1318,19,1560,2040,1380,1860
"1319",1319,19,1500,2040,1350,1800
"1320",1320,19,1560,2040,1380,1860
"1321",1321,19,1380,2040,1320,1740
"1322",1322,18,1380,2040,1230,1780
"1323",1323,18,1380,720,1320,1860
"1324",1324,18,1560,2040,1440,1770
"1325",1325,18,1380,2010,1350,1805
"1326",1326,18,1500,1860,1380,1740
"1327",1327,17,1470,2030,1365,1800
"1328",1328,17,1380,1860,1320,1800
"1329",1329,17,1620,2130,1320,1850
"1330",1330,17,1350,1950,1320,1820
"1331",1331,17,1560,1920,1470,1770
"1332",1332,17,1380,1950,1350,1830
"1333",1333,17,1320,1980,1320,1740
"1334",1334,17,1320,1920,1320,1830
"1335",1335,16,1380,1980,1320,1800
"1336",1336,16,1380,2040,1320,1830
"1337",1337,16,1410,2040,1380,1800
"1338",1338,16,1560,2100,1440,1785
"1339",1339,16,1500,1950,1350,1845
"1340",1340,16,1440,1890,1350,1815
"1341",1341,16,1500,2040,1440,1800
"1342",1342,16,1440,2040,2040,1800
"1343",1343,15,1320,2010,1215,1830
"1344",1344,19,1500,2040,1440,1840
"1345",1345,18,1440,1920,1440,1860
"1346",1346,18,1320,1830,1290,1830
"1347",1347,18,1380,2010,1350,1800
"1348",1348,18,1470,2010,1320,1760
"1349",1349,18,1410,1860,1380,1830
"1350",1350,17,1320,1980,1320,1860
"1351",1351,17,1500,2040,1320,1800
"1352",1352,17,1320,1890,1320,1790
"1353",1353,17,1560,2040,1410,1860
"1354",1354,16,1500,2100,1380,1785
"1355",1355,16,1440,1965,1410,1840
"1356",1356,16,1380,1980,1320,1820
"1357",1357,16,1440,2040,1290,1785
"1358",1358,16,1380,1920,1320,1800
"1359",1359,15,1320,1890,1290,1740
"1360",1360,19,1380,1860,1380,1845
"1361",1361,19,1380,1860,1380,1845
"1362",1362,18,1560,2100,1350,1830
"1363",1363,17,1260,1860,1320,1800
"1364",1364,17,1410,2010,1350,1830
"1365",1365,17,1680,720,1380,1815
"1366",1366,16,1440,1920,1320,1815
"1367",1367,16,1440,1980,1350,1820
"1368",1368,15,1560,1920,1500,1800
"1369",1369,15,1320,1980,1320,1850
"1370",1370,15,1500,1950,1380,1800
"1371",1371,14,1350,1980,1350,1825
"1372",1372,19,1380,1950,1380,1860
"1373",1373,18,1440,1920,1380,1860
"1374",1374,18,1410,1770,1320,1755
"1375",1375,18,1350,1920,1290,1800
"1376",1376,17,1560,1980,1440,1840
"1377",1377,17,1410,1860,1365,1820
"1378",1378,17,1380,1980,1320,1875
"1379",1379,17,1440,2040,1380,2040
"1380",1380,17,1500,2070,1440,1840
"1381",1381,17,1440,2040,1380,1800
"1382",1382,17,1440,1980,1380,1830
"1383",1383,17,1380,1980,1350,1830
"1384",1384,17,1380,1920,1320,1790
"1385",1385,16,1440,720,1410,1855
"1386",1386,16,1500,1860,1440,1830
"1387",1387,16,1410,1980,1350,1830
"1388",1388,16,1440,1920,1380,1870
"1389",1389,16,1350,1920,1320,1860
"1390",1390,15,1380,1920,1380,1860
"1391",1391,15,1380,2040,2070,1800
"1392",1392,16,1440,750,1350,1800
"1393",1393,18,1500,2010,1410,1800
"1394",1394,17,1440,720,1380,1800
"1395",1395,18,1440,2040,1260,1800
"1396",1396,18,1410,2010,1380,1880
"1397",1397,17,1350,1860,1350,1830
"1398",1398,16,1320,1980,1350,1860
"1399",1399,17,1380,1860,1350,1860
"1400",1400,18,1410,1980,1380,1860
"1401",1401,18,1380,1920,1350,1830
"1402",1402,17,1380,1950,1350,1815
"1403",1403,17,1320,1890,1260,1800
"1404",1404,17,1560,2040,1440,1855
"1405",1405,17,1380,1980,1275,1800
"1406",1406,16,1410,1980,1320,1720
"1407",1407,16,1380,2040,1320,1770
"1408",1408,16,1530,2040,1380,1800
"1409",1409,16,1380,2070,1380,1860
"1410",1410,16,1440,2010,1350,1790
"1411",1411,15,1350,1920,1410,1780
"1412",1412,18,1500,1980,1500,1860
"1413",1413,18,1440,1980,1320,1830
"1414",1414,18,1365,1880,1335,1790
"1415",1415,17,1440,1980,1380,1860
"1416",1416,17,1560,2100,1440,1800
"1417",1417,16,1380,2040,1305,1860
"1418",1418,16,1430,2040,1320,1800
"1419",1419,16,1440,2040,1440,1830
"1420",1420,18,1500,1980,1320,1815
"1421",1421,18,1410,1980,1320,1820
"1422",1422,17,1590,2040,1260,1800
"1423",1423,17,1380,1920,1335,1785
"1424",1424,16,1410,1980,1320,1820
"1425",1425,19,1440,1980,1440,1870
"1426",1426,18,1335,1740,1335,1740
"1427",1427,18,1380,2040,1320,1860
"1428",1428,18,1440,1980,1380,1860
"1429",1429,18,1440,1920,1440,1820
"1430",1430,18,1350,2050,1350,1860
"1431",1431,17,1590,720,1335,1860
"1432",1432,17,1440,2100,1470,1790
"1433",1433,17,1500,2100,1320,1830
"1434",1434,17,1440,1800,1305,1770
"1435",1435,17,1440,1980,1380,1800
"1436",1436,17,1500,1920,2100,1830
"1437",1437,16,1410,1980,1320,1830
"1438",1438,17,1410,1950,1350,1790
"1439",1439,17,1410,1980,1320,1860
"1440",1440,17,1440,1950,1380,1800
"1441",1441,19,1530,2010,1380,1800
"1442",1442,19,1530,2010,1380,1800
"1443",1443,18,1380,1980,1350,1770
"1444",1444,18,1350,1950,1320,1800
"1445",1445,18,1380,720,1320,1800
"1446",1446,17,1500,2040,1470,1845
"1447",1447,17,1410,1980,1380,1770
"1448",1448,17,1680,2040,1320,1770
"1449",1449,17,1440,1980,1380,1830
"1450",1450,17,1500,1980,1290,1790
"1451",1451,17,1500,2100,1380,1930
"1452",1452,17,1410,1980,1320,1830
"1453",1453,16,1440,720,1400,1820
"1454",1454,16,1380,1950,1335,1800
"1455",1455,15,1440,1980,1350,1800
"1456",1456,18,1320,1860,1320,1800
"1457",1457,17,1440,1980,1380,1800
"1458",1458,16,1440,1980,1380,1800
"1459",1459,19,1410,2040,1350,1845
"1460",1460,19,1320,1800,1200,1760
"1461",1461,19,1410,2040,1350,1845
"1462",1462,18,1440,1920,1380,1830
"1463",1463,18,1380,1950,1335,1860
"1464",1464,17,1470,2040,1320,1830
"1465",1465,17,1440,2100,1320,1830
"1466",1466,17,1380,1980,1380,1845
"1467",1467,15,1380,2010,1350,1785
"1468",1468,18,1500,1980,1440,1830
"1469",1469,18,1500,1920,1380,1830
"1470",1470,17,1380,1950,1290,1840
"1471",1471,17,1560,2040,1500,1860
"1472",1472,17,1500,1980,1470,1880
"1473",1473,17,1320,1920,1350,1830
"1474",1474,16,1440,1920,1320,1860
"1475",1475,16,1320,1920,1320,1830
"1476",1476,16,1440,2040,1440,1860
"1477",1477,16,1440,1980,1305,1830
"1478",1478,18,1470,2070,1350,1830
"1479",1479,16,1380,1920,1260,1740
"1480",1480,17,1560,1950,1500,1830
"1481",1481,16,1380,1950,1320,1860
"1482",1482,16,1350,1950,1320,1845
"1483",1483,18,1500,2100,1440,1860
"1484",1484,19,1500,1980,1350,1840
"1485",1485,18,1440,2040,1320,1860
"1486",1486,18,1410,2100,1350,1845
"1487",1487,17,1410,1980,1380,1785
"1488",1488,17,1350,1950,1320,1800
"1489",1489,17,1440,1920,1320,1800
"1490",1490,17,1440,2100,1320,1800
"1491",1491,17,1350,1950,1320,1785
"1492",1492,17,1380,2040,1380,1830
"1493",1493,16,1530,1920,1410,1770
"1494",1494,19,1380,1980,1350,1740
"1495",1495,19,1380,1920,1320,1830
"1496",1496,18,1380,1980,1380,1890
"1497",1497,18,1380,2040,1440,1860
"1498",1498,18,1560,2100,1440,1825
"1499",1499,18,1440,1980,1380,1830
"1500",1500,17,1410,1950,1380,1800
"1501",1501,16,1380,1860,1350,1800
"1502",1502,16,1380,1980,1260,1830
"1503",1503,16,1380,1920,1320,1920
"1504",1504,18,1500,1980,1370,1820
"1505",1505,17,1500,1980,1380,1820
"1506",1506,19,1440,1860,1380,1770
"1507",1507,18,1380,1980,1380,1800
"1508",1508,18,1500,1920,1440,1840
"1509",1509,18,1980,1800,1320,1800
"1510",1510,18,1380,1920,1320,1800
"1511",1511,18,1380,1730,1320,1800
"1512",1512,17,1440,2010,1440,1860
"1513",1513,17,1440,2040,1410,1800
"1514",1514,17,1500,2040,1380,1830
"1515",1515,17,1440,1980,1380,1860
"1516",1516,16,1380,2010,1320,1770
"1517",1517,16,1380,1980,1350,1830
"1518",1518,14,1500,2010,1380,1860
"1519",1519,19,1440,2040,1410,1860
"1520",1520,16,1440,2040,1350,1830
"1521",1521,16,1500,2100,1320,1745
"1522",1522,18,1380,1920,1380,1830
"1523",1523,17,1440,2010,1380,1830
"1524",1524,17,1380,1980,1260,1830
"1525",1525,17,1320,1800,1350,1740
"1526",1526,19,1560,2040,1380,1870
"1527",1527,18,1440,2040,1320,1860
"1528",1528,17,1350,1860,1320,1441
"1529",1529,13,1380,2040,1380,1830
"1530",1530,18,1410,1950,1320,1830
"1531",1531,17,1560,1980,1500,1860
"1532",1532,17,1440,2130,1440,1790
"1533",1533,18,1440,1980,1380,1860
"1534",1534,18,1463,1447,1380,1860
"1535",1535,17,1380,1920,1410,1875
"1536",1536,17,1500,2040,1380,1830
"1537",1537,16,1380,2040,1350,1830
"1538",1538,18,1560,2040,1380,1885
"1539",1539,17,1470,1920,1380,1860
"1540",1540,16,1620,780,1500,2100
"1541",1541,19,1440,720,1320,1800
"1542",1542,18,1440,2130,1380,1800
"1543",1543,18,1440,2040,1380,1820
"1544",1544,18,1440,1905,1350,1830
"1545",1545,18,1680,1980,1320,1980
"1546",1546,18,1440,1800,1350,1785
"1547",1547,18,1410,1980,1380,1860
"1548",1548,18,1380,1980,1350,1800
"1549",1549,18,1380,1860,1380,1800
"1550",1550,17,1380,1950,1320,1800
"1551",1551,17,1560,2100,1350,1840
"1552",1552,17,1440,1920,1320,1800
"1553",1553,17,1440,2040,1320,1830
"1554",1554,17,1380,1980,1320,1830
"1555",1555,17,1380,2040,1440,1860
"1556",1556,17,1380,2040,1440,1860
"1557",1557,17,1380,1980,1290,1800
"1558",1558,17,1410,1950,1380,1790
"1559",1559,17,1440,2100,1320,1800
"1560",1560,17,1440,2010,1380,1740
"1561",1561,17,1320,1740,1410,1730
"1562",1562,17,1530,2100,1410,1800
"1563",1563,16,1440,1980,1380,1830
"1564",1564,16,1500,2100,1380,1850
"1565",1565,16,1470,780,1380,1810
"1566",1566,16,1380,1980,1320,1830
"1567",1567,16,1380,2040,1320,1800
"1568",1568,16,1440,1980,1380,1740
"1569",1569,16,1530,1920,1410,1750
"1570",1570,16,1380,1980,1260,1770
"1571",1571,16,1350,1920,1380,1920
"1572",1572,16,1380,2040,1350,1785
"1573",1573,16,1380,1980,1260,1860
"1574",1574,15,1320,2040,1320,1800
"1575",1575,15,1350,1920,1320,1740
"1576",1576,15,1320,2040,1320,1800
"1577",1577,15,1350,1920,1320,1740
"1578",1578,19,1320,720,1320,1860
"1579",1579,18,1320,1920,1200,1800
"1580",1580,18,1500,2040,1380,1875
"1581",1581,18,1320,1920,1380,1860
"1582",1582,18,1380,1980,1320,1820
"1583",1583,18,1560,2040,1380,1860
"1584",1584,18,1380,1860,1320,1740
"1585",1585,18,1470,1980,1440,1860
"1586",1586,18,1320,1980,1320,1790
"1587",1587,18,1380,1980,1380,1845
"1588",1588,18,1380,2100,1335,1845
"1589",1589,18,1440,1980,1320,1825
"1590",1590,18,1440,1920,1320,1790
"1591",1591,18,1440,1950,1320,1820
"1592",1592,17,1320,1920,1320,1800
"1593",1593,17,1440,1980,1440,1840
"1594",1594,17,1380,1920,1320,1806
"1595",1595,17,1380,2040,1320,1815
"1596",1596,17,1500,2100,1440,1870
"1597",1597,17,1500,2100,1440,1870
"1598",1598,17,1560,1980,1380,1790
"1599",1599,17,1440,1980,1380,1845
"1600",1600,17,1440,1920,1410,1830
"1601",1601,17,1560,2040,1440,1830
"1602",1602,17,1320,2040,1320,1860
"1603",1603,16,1380,1920,1360,1770
"1604",1604,16,1440,720,1500,1830
"1605",1605,16,1980,1480,1320,1770
"1606",1606,16,1380,1920,1320,1800
"1607",1607,16,1620,2040,1440,1860
"1608",1608,16,1560,2040,1380,1800
"1609",1609,18,1560,2040,1350,1840
"1610",1610,18,1560,2040,1350,1840
"1611",1611,16,1440,2040,1320,1800
"1612",1612,16,1380,2040,1320,1800
"1613",1613,15,1380,2040,1380,1810
"1614",1614,15,1380,1980,1260,1785
"1615",1615,19,1560,1920,1560,1905
"1616",1616,19,1440,1965,1351,1820
"1617",1617,19,1320,1890,1290,1860
"1618",1618,18,1350,1800,1260,1800
"1619",1619,18,1560,1980,1260,1800
"1620",1620,18,1440,1980,1320,1820
"1621",1621,17,1380,1920,1320,1740
"1622",1622,17,1440,2100,1380,1830
"1623",1623,17,1320,1800,1320,1785
"1624",1624,17,1380,1920,1380,1920
"1625",1625,16,1350,2010,1320,1845
"1626",1626,16,1380,1860,1290,1740
"1627",1627,15,1500,810,1320,1800
"1628",1628,19,1380,1920,1380,1800
"1629",1629,18,1445,1860,1440,1860
"1630",1630,18,1560,2040,1380,2100
"1631",1631,18,1380,1920,1350,1920
"1632",1632,18,1530,2010,1500,1880
"1633",1633,18,1380,2010,1380,1757
"1634",1634,18,1440,2010,1380,1830
"1635",1635,18,1560,720,1441,1830
"1636",1636,18,1530,1449,1440,1740
"1637",1637,18,1500,2100,1500,1970
"1638",1638,18,1500,1980,1440,1860
"1639",1639,18,1440,2040,1380,1800
"1640",1640,18,1470,2040,1380,1830
"1641",1641,17,1439,1950,1410,1795
"1642",1642,17,1440,2010,1410,1845
"1643",1643,17,1439,1950,1410,1795
"1644",1644,17,1440,1860,1350,1815
"1645",1645,17,1440,1920,1260,1800
"1646",1646,17,1500,1980,1320,1770
"1647",1647,17,1380,1790,2040,1720
"1648",1648,17,1380,1980,1350,1880
"1649",1649,17,1440,1920,1320,1820
"1650",1650,16,1500,1980,1440,1860
"1651",1651,16,1380,1920,1350,1815
"1652",1652,16,1350,1980,1320,1810
"1653",1653,16,1530,2100,1290,1800
"1654",1654,16,1380,2040,1320,1845
"1655",1655,17,1590,720,1350,1800
"1656",1656,17,1440,1890,1380,1800
"1657",1657,17,1380,1860,1320,1800
"1658",1658,15,1410,2070,1410,1830
"1659",1659,17,1440,1920,1260,1750
"1660",1660,16,1410,1980,1320,1800
"1661",1661,16,1350,1920,1260,1800
"1662",1662,17,1410,1950,1350,1830
"1663",1663,17,1440,1980,1320,1800
"1664",1664,17,1680,780,1500,1446
"1665",1665,17,1380,2040,1290,1740
"1666",1666,16,1380,1860,1380,1830
"1667",1667,18,1410,2010,1320,1725
"1668",1668,18,1380,1920,1410,1920
"1669",1669,18,1380,1830,1320,1825
"1670",1670,18,1410,1920,1350,1800
"1671",1671,17,1440,2040,1380,1815
"1672",1672,19,1500,2040,1380,1860
"1673",1673,16,1440,2040,1410,1800
"1674",1674,16,1410,1920,1320,1860
"1675",1675,17,1380,2100,1290,1710
"1676",1676,17,1560,2010,1350,1815
"1677",1677,17,1500,2040,1380,1780
"1678",1678,17,1440,1800,1350,1770
"1679",1679,16,1560,2100,1560,1875
"1680",1680,18,1500,1800,1380,1860
"1681",1681,18,1500,1980,1320,1770
"1682",1682,17,1320,1890,1290,1800
"1683",1683,17,1350,1980,1320,1790
"1684",1684,16,1500,2040,1440,1880
"1685",1685,16,1680,1920,1380,1805
"1686",1686,16,1410,1970,1410,1845
"1687",1687,17,1320,1920,1320,1830
"1688",1688,18,1440,1980,1380,1800
"1689",1689,17,1410,2040,1350,1840
"1690",1690,19,1560,1980,1560,1870
"1691",1691,18,1440,720,1380,1855
"1692",1692,18,1440,1980,1380,1800
"1693",1693,18,1380,1890,1380,1800
"1694",1694,18,1380,1920,1380,1825
"1695",1695,18,1440,2070,1380,1840
"1696",1696,18,1380,1980,1260,1850
"1697",1697,18,1380,1920,1380,1840
"1698",1698,17,1380,2040,1380,1890
"1699",1699,17,1440,1920,1440,1800
"1700",1700,18,1440,2040,1380,1830
"1701",1701,18,1440,1980,1290,1830
"1702",1702,17,1350,2010,1260,1780
"1703",1703,16,1650,750,1500,1850
"1704",1704,16,1440,2100,1380,1820
"1705",1705,16,1380,1950,1380,1800
"1706",1706,16,1380,1980,1320,1800
"1707",1707,19,1380,1920,1320,1740
"1708",1708,19,1380,1950,1380,1815
"1709",1709,18,1380,1860,1380,1875
"1710",1710,18,1410,1920,1260,1830
"1711",1711,18,1410,1950,1350,1755
"1712",1712,18,1380,1860,1320,1800
"1713",1713,18,1650,2070,1320,1860
"1714",1714,17,1500,1980,1380,1830
"1715",1715,17,1560,2100,1380,1860
"1716",1716,17,1440,1890,1380,1845
"1717",1717,16,1560,2040,1380,1860
"1718",1718,18,1440,2040,1380,1800
"1719",1719,18,1320,1980,1290,1680
"1720",1720,17,1350,1890,1380,1890
"1721",1721,16,1560,720,1260,1766
"1722",1722,19,1440,2040,1350,1830
"1723",1723,18,1320,2040,1320,1800
"1724",1724,18,1350,2040,1380,1860
"1725",1725,17,1380,1920,1200,1860
"1726",1726,17,1560,1920,1380,1770
"1727",1727,17,1410,1980,1320,1795
"1728",1728,17,1380,1950,1350,1840
"1729",1729,17,1380,2040,1380,1800
"1730",1730,16,1440,1920,1380,1820
"1731",1731,16,1320,1890,1290,1860
"1732",1732,16,1380,2040,1320,1815
"1733",1733,16,1416,1920,1320,1800
"1734",1734,16,1560,735,1260,1770
"1735",1735,17,1380,2040,1350,1870
"1736",1736,17,1710,2070,1350,1740
"1737",1737,17,1380,1980,1320,1770
"1738",1738,17,1500,1980,1440,1820
"1739",1739,19,1320,1920,1320,1800
"1740",1740,17,1350,1980,1320,1830
"1741",1741,15,1350,2040,1320,1800
"1742",1742,16,1440,2010,1320,1770
"1743",1743,18,1380,1980,1380,1860
"1744",1744,18,1440,1920,1320,1830
"1745",1745,17,1470,2130,1320,1820
"1746",1746,17,1440,2070,1320,1800
"1747",1747,16,1380,2040,1320,1830
"1748",1748,16,1440,2010,1350,1800
"1749",1749,16,1500,6000,1380,1800
"1750",1750,18,1380,2040,1380,1800
"1751",1751,18,1500,720,1428,1880
"1752",1752,18,1410,1950,1320,1815
"1753",1753,16,1500,2040,1440,1860
"1754",1754,19,1440,1920,1320,1800
"1755",1755,19,1440,1920,1320,1800
"1756",1756,19,1740,810,1320,1800
"1757",1757,18,1440,2040,1350,1820
"1758",1758,18,1380,720,1290,1830
"1759",1759,16,1620,720,1350,1740
"1760",1760,18,1440,1920,1380,1815
"1761",1761,18,1350,1920,1320,1860
"1762",1762,18,1500,1740,1350,1830
"1763",1763,17,1440,1980,1440,1820
"1764",1764,17,1440,1920,1380,1820
"1765",1765,16,1500,2130,1380,1740
"1766",1766,16,1500,2130,1380,1740
"1767",1767,15,1380,1950,1290,1790
"1768",1768,14,1500,2070,1350,1830
"1769",1769,17,1380,1980,1320,1830
"1770",1770,16,1500,2040,1320,1830
"1771",1771,18,1440,1449,1440,1920
"1772",1772,18,1560,2100,1485,1820
"1773",1773,18,1410,1950,1260,1800
"1774",1774,15,1320,1920,1320,1740
"1775",1775,15,1320,1920,1320,1740
"1776",1776,17,1380,1980,1380,1875
"1777",1777,18,1500,2010,1425,1840
"1778",1778,18,1620,720,1380,1830
"1779",1779,18,1620,1980,1260,1740
"1780",1780,17,1350,2000,1290,1860
"1781",1781,NA,1440,720,1320,1860
"1782",1782,17,1500,1890,1380,1447
"1783",1783,21,1380,1980,1380,1830
"1784",1784,20,1500,2040,1260,1740
"1785",1785,19,1500,1980,1320,1770
"1786",1786,19,1500,1980,1320,1770
"1787",1787,19,1440,2040,1320,1720
"1788",1788,18,1560,2040,1260,1740
"1789",1789,17,1440,1980,1320,1800
"1790",1790,16,1440,1980,1380,1800
"1791",1791,18,1320,2100,1350,1980
"1792",1792,17,1380,1920,1380,1830
"1793",1793,17,1500,2040,1395,1870
"1794",1794,16,1620,2040,1380,1800
"1795",1795,16,1440,1980,1380,1785
"1796",1796,16,1440,2040,1380,1850
"1797",1797,16,1500,2100,1380,1740
"1798",1798,19,1440,2100,1440,1860
"1799",1799,19,1440,2100,1440,1860
"1800",1800,15,1440,2040,1320,1800
"1801",1801,15,1440,2040,1320,1800
"1802",1802,18,1380,2010,1380,1800
"1803",1803,19,1320,1920,1260,1905
"1804",1804,18,1680,2040,1440,1830
"1805",1805,18,1440,2040,1380,1850
"1806",1806,17,1500,2100,1380,1850
"1807",1807,17,1440,1860,1350,1800
"1808",1808,17,1500,1980,1350,1845
"1809",1809,17,1500,720,1320,1785
"1810",1810,16,1560,2100,1430,1865
"1811",1811,16,1440,1980,1320,1800
"1812",1812,18,1560,2040,1380,1800
"1813",1813,1,1440,2100,1320,1770
"1814",1814,17,1560,720,1380,1800
"1815",1815,17,1560,1980,1380,1830
"1816",1816,16,1440,1920,1320,1850
"1817",1817,17,1635,2040,1320,1830
"1818",1818,17,1380,2100,1260,1800
"1819",1819,19,1500,2040,1380,1980
"1820",1820,17,1560,1320,1440,1830
"1821",1821,16,1560,2040,1350,1860
"1822",1822,17,1560,2130,1380,1830
"1823",1823,17,1290,1860,1260,1740
"1824",1824,17,1290,1860,1260,1740
"1825",1825,15,1530,2040,1380,1860
"1826",1826,15,1530,2040,1380,1860
"1827",1827,17,1380,1830,1260,1790
"1828",1828,16,1680,840,1380,1845
"1829",1829,16,1440,1980,1410,1830
"1830",1830,17,1560,2100,1470,1830
"1831",1831,17,1500,2100,1320,1830
"1832",1832,16,1620,1980,1500,1820
"1833",1833,18,1440,2100,1380,1920
"1834",1834,18,1320,1740,1260,1750
"1835",1835,19,1440,1920,1200,1780
"1836",1836,17,1680,810,1320,1800
"1837",1837,17,1440,2100,1320,1800
"1838",1838,17,1440,2100,1320,1800
"1839",1839,16,1380,1860,1350,1830
"1840",1840,18,1440,2040,1380,1820
"1841",1841,19,1380,1920,1320,1860
"1842",1842,18,1440,1980,1350,1815
"1843",1843,19,1560,1980,1500,1870
"1844",1844,19,1440,1920,1260,1830
"1845",1845,19,1380,1980,1320,1830
"1846",1846,18,1320,1920,1320,1800
"1847",1847,18,1440,2100,1380,1770
"1848",1848,18,1860,780,1320,1800
"1849",1849,18,1680,2040,1380,1820
"1850",1850,17,1560,2040,1320,1740
"1851",1851,16,1320,1950,1320,1860
"1852",1852,16,1320,1950,1320,1860
"1853",1853,16,1620,720,1380,1445
"1854",1854,16,1380,2010,1320,1800
"1855",1855,15,1500,720,1380,1830
"1856",1856,15,1500,720,1380,1830
"1857",1857,15,1470,2130,1380,1740
"1858",1858,15,1650,2100,1320,1845
"1859",1859,19,1560,1950,1380,1800
"1860",1860,18,1440,1980,1380,1770
"1861",1861,18,1440,1980,1320,1830
"1862",1862,18,1500,2100,1380,1860
"1863",1863,17,1380,2040,1320,1815
"1864",1864,17,1200,1860,1200,1860
"1865",1865,17,1440,720,1380,1740
"1866",1866,17,1560,2040,1380,1830
"1867",1867,16,1440,1920,1320,1800
"1868",1868,16,1380,1960,1310,1830
"1869",1869,20,1380,1920,1320,1800
"1870",1870,16,1440,2040,1380,1830
"1871",1871,19,1560,2100,1380,1860
"1872",1872,18,1500,720,1440,720
"1873",1873,16,1620,1980,1380,1800
"1874",1874,16,1440,720,1320,1755
"1875",1875,21,1380,720,1320,2040
"1876",1876,19,1560,1920,1380,1800
"1877",1877,18,1500,1860,1440,1790
"1878",1878,18,1440,2040,1320,1800
"1879",1879,18,1380,1920,1320,1740
"1880",1880,18,1500,2010,1290,1770
"1881",1881,17,1400,1860,1340,1800
"1882",1882,17,1380,2100,1320,1860
"1883",1883,17,1380,1890,1380,1860
"1884",1884,17,1380,2100,1320,1860
"1885",1885,17,1740,1453,1440,1860
"1886",1886,17,1620,780,1440,1775
"1887",1887,17,1440,2040,1290,1785
"1888",1888,17,1500,2100,1320,1830
"1889",1889,17,1500,2100,1320,1830
"1890",1890,16,1400,1980,1335,1835
"1891",1891,16,1320,1830,1320,1830
"1892",1892,16,1320,1830,1320,1830
"1893",1893,16,1440,1920,1380,1860
"1894",1894,15,1380,1860,1380,1740
"1895",1895,15,1380,1860,1380,1740
"1896",1896,16,1560,1980,1320,1770
"1897",1897,16,1560,1980,1320,1770
"1898",1898,16,1530,2100,1230,1830
"1899",1899,18,1410,1950,1380,1860
"1900",1900,17,1575,2040,1530,1880
"1901",1901,19,1560,2100,1320,1800
"1902",1902,16,1320,1980,1260,1800
"1903",1903,16,1320,1980,1260,1800
"1904",1904,16,1440,1920,1260,1800
"1905",1905,18,1380,1980,1395,1730
"1906",1906,18,1380,1980,1320,1800
"1907",1907,16,1380,1920,1380,1860
"1908",1908,17,1560,2100,1380,1830
"1909",1909,17,1500,2100,1440,1800
"1910",1910,18,1440,1780,1410,1770
"1911",1911,17,1380,2010,1320,1770
"1912",1912,18,1440,1860,1380,1800
"1913",1913,16,1665,900,1380,1860
"1914",1914,19,1560,2040,1380,1830
"1915",1915,15,1380,1980,1260,1770
"1916",1916,15,1380,1980,1260,1770
"1917",1917,17,1440,1980,1380,1890
"1918",1918,17,1380,1920,1380,1800
"1919",1919,19,1320,1800,1320,1800
"1920",1920,16,1320,1800,1320,1800
"1921",1921,18,1620,2010,1380,1860
"1922",1922,18,1441,1500,1560,1860
"1923",1923,18,1470,2130,1440,1860
"1924",1924,17,1380,1980,1380,1830
"1925",1925,18,1380,1920,1380,1920
"1926",1926,18,1440,2010,1320,1845
"1927",1927,18,1440,2040,1380,1830
"1928",1928,18,1500,2040,1440,1795
"1929",1929,18,1380,1920,1320,1800
"1930",1930,17,1500,1920,1350,1845
"1931",1931,17,1500,1980,1320,1770
"1932",1932,17,1440,2040,1320,1780
"1933",1933,16,1245,2010,1390,1820
"1934",1934,14,1260,1800,1230,1790
"1935",1935,19,1380,1980,2040,1800
"1936",1936,17,1410,2010,1380,1770
"1937",1937,18,1380,1980,1380,1820
"1938",1938,19,1680,720,1440,1840
"1939",1939,18,1590,2040,1350,1860
"1940",1940,17,1380,1980,1320,1860
"1941",1941,16,1380,1920,1320,1860
"1942",1942,16,1320,1920,1380,1860
"1943",1943,16,1440,1950,1380,1860
"1944",1944,19,1320,1800,1380,1800
"1945",1945,19,1440,1980,1350,1830
"1946",1946,19,1440,2040,1380,1800
"1947",1947,19,1380,1980,1320,1815
"1948",1948,19,1440,1980,1440,1800
"1949",1949,18,1350,1890,1305,1800
"1950",1950,18,1500,2040,1380,1740
"1951",1951,18,1380,1950,1350,1830
"1952",1952,18,1410,1980,1410,1780
"1953",1953,18,1320,1950,1298,1780
"1954",1954,18,1410,1920,1380,1800
"1955",1955,18,1440,1920,1440,1800
"1956",1956,18,1470,1920,1440,1800
"1957",1957,17,1410,1950,1320,1830
"1958",1958,17,1440,1920,1440,1830
"1959",1959,17,1320,1740,1320,1740
"1960",1960,17,1410,2025,1350,1820
"1961",1961,17,1380,1950,1380,1830
"1962",1962,17,1500,2100,1440,1785
"1963",1963,17,1440,1980,1380,1830
"1964",1964,16,1530,2120,1350,1780
"1965",1965,16,1440,2070,1380,1860
"1966",1966,16,1380,1980,1320,1830
"1967",1967,16,1470,2040,1485,1815
"1968",1968,16,1380,1950,1380,1800
"1969",1969,16,1410,2070,1380,1800
"1970",1970,15,1380,1920,1335,1770
"1971",1971,15,1440,1920,1440,1740
"1972",1972,19,1380,1920,1320,1830
"1973",1973,19,1500,1920,1350,1830
"1974",1974,19,1440,2010,1410,1830
"1975",1975,19,1470,1980,1395,1830
"1976",1976,18,1500,2070,1380,1820
"1977",1977,18,1380,1920,1440,1740
"1978",1978,17,1380,1970,1320,1830
"1979",1979,17,1590,2100,1425,1795
"1980",1980,16,1380,1860,1320,1800
"1981",1981,16,1380,1980,1350,1800
"1982",1982,20,1530,2010,1350,1800
"1983",1983,18,1500,2100,1442,1830
"1984",1984,18,1380,1920,1395,1800
"1985",1985,16,1380,2010,1320,1800
"1986",1986,16,1470,1950,1410,1800
"1987",1987,19,1470,2040,1440,1800
"1988",1988,19,1440,2070,1440,1448
"1989",1989,18,1425,1890,1430,1840
"1990",1990,18,1320,1830,1320,1820
"1991",1991,17,1260,1740,1320,1800
"1992",1992,17,1380,1920,1320,1820
"1993",1993,16,1440,2040,1410,1860
"1994",1994,16,1380,2070,1380,1830
"1995",1995,16,1395,2025,1370,1815
"1996",1996,18,1470,2010,1380,1860
"1997",1997,16,1440,1980,1320,1815
"1998",1998,17,1620,2040,1320,1830
"1999",1999,18,1380,1980,1320,1770
"2000",2000,18,1500,2010,1410,1890
"2001",2001,16,1380,1920,1290,1830
"2002",2002,18,1350,1860,1350,1860
"2003",2003,18,1380,1860,1380,1800
"2004",2004,18,1380,2010,1320,1830
"2005",2005,18,1320,1860,1260,1800
"2006",2006,18,1380,1950,1440,1800
"2007",2007,18,1440,2040,1410,1840
"2008",2008,18,1440,2010,1440,1850
"2009",2009,17,1380,1980,1380,1830
"2010",2010,17,1440,1980,1500,1805
"2011",2011,18,1410,1920,1380,1810
"2012",2012,16,1380,1950,1320,1830
"2013",2013,16,1380,1980,1320,1815
"2014",2014,16,1320,1920,1290,1810
"2015",2015,17,1350,1920,1350,1830
"2016",2016,18,1440,2100,1350,1785
"2017",2017,18,1410,2010,1380,1860
"2018",2018,16,1500,1980,1395,1800
"2019",2019,18,1380,1920,1320,1845
"2020",2020,17,1440,2040,1440,1830
"2021",2021,18,1410,1950,1350,1795
"2022",2022,16,1410,1980,1350,1800
"2023",2023,16,1470,1910,1410,1835
"2024",2024,18,1380,2040,1410,1790
"2025",2025,18,1410,1980,1350,1785
"2026",2026,17,1350,1950,1290,1860
"2027",2027,17,1380,1920,1350,1830
"2028",2028,17,1395,2025,1365,1830
"2029",2029,17,1440,2040,1380,1845
"2030",2030,17,1440,2100,1410,1845
"2031",2031,17,1440,2100,1440,1840
"2032",2032,17,1380,1980,1320,1830
"2033",2033,17,1380,1890,1380,1800
"2034",2034,17,1560,1920,1380,1800
"2035",2035,16,1470,2070,1350,1800
"2036",2036,17,1440,2040,1320,1775
"2037",2037,18,1350,1890,1350,1790
"2038",2038,18,1380,1980,1380,1800
"2039",2039,17,1440,1950,1350,1790
"2040",2040,17,1440,1980,1320,1760
"2041",2041,16,1440,1980,1380,1775
"2042",2042,16,1530,1980,1380,1820
"2043",2043,19,1500,2040,1410,1830
"2044",2044,19,1500,2010,2040,1810
"2045",2045,18,1380,1980,1380,1860
"2046",2046,17,1440,2040,1380,1830
"2047",2047,16,1380,1890,1320,1890
"2048",2048,18,1410,2100,1380,1830
"2049",2049,17,1320,2040,1320,1800
"2050",2050,17,1440,1980,1380,1800
"2051",2051,18,1410,1920,1365,1820
"2052",2052,18,1380,1950,1350,1770
"2053",2053,18,1380,1950,1350,1770
"2054",2054,18,1410,1890,1380,1830
"2055",2055,17,1380,1920,1320,1825
"2056",2056,17,1410,1980,1350,1825
"2057",2057,17,1470,2010,1410,1770
"2058",2058,17,1380,1980,1320,1800
"2059",2059,17,1740,720,1380,1840
"2060",2060,17,1320,1740,1320,1740
"2061",2061,17,1380,1980,1440,1860
"2062",2062,17,1320,1860,1290,1800
"2063",2063,17,1440,1890,1395,1800
"2064",2064,16,1440,1860,1320,1740
"2065",2065,16,1440,1860,1320,1740
"2066",2066,16,1500,1980,2040,1830
"2067",2067,16,1440,2040,1380,1815
"2068",2068,16,1500,2010,1410,1830
"2069",2069,15,1620,2010,1340,1840
"2070",2070,19,1560,1860,1380,1860
"2071",2071,16,1440,1980,1380,1905
"2072",2072,19,1470,2040,1320,1830
"2073",2073,18,1440,1980,1425,1830
"2074",2074,18,1410,2100,1350,1845
"2075",2075,17,1410,1920,1395,1830
"2076",2076,17,1380,1980,1320,1770
"2077",2077,18,1440,1980,1320,1780
"2078",2078,16,1620,2100,1440,1830
"2079",2079,16,1500,1980,1380,1845
"2080",2080,17,1460,1980,1440,1800
"2081",2081,16,1410,1950,1355,1825
"2082",2082,18,1380,2100,1350,1800
"2083",2083,18,1470,2040,1440,1860
"2084",2084,17,1380,1980,1320,1800
"2085",2085,18,1440,1980,1380,1800
"2086",2086,17,1440,2070,1380,1830
"2087",2087,19,1440,2010,1380,1920
"2088",2088,19,1500,2040,1470,1845
"2089",2089,18,1440,1980,1470,1800
"2090",2090,18,1440,2040,1440,1770
"2091",2091,17,1410,1980,1335,1875
"2092",2092,16,1380,1980,1335,1815
"2093",2093,16,1530,2100,1420,1830
"2094",2094,17,1380,1950,1335,1835
"2095",2095,17,1410,1980,1400,1860
"2096",2096,17,1440,1980,1440,1860
"2097",2097,16,1440,1920,1350,1860
"2098",2098,16,1380,1980,1320,1820
"2099",2099,15,1500,2100,1380,1850
"2100",2100,18,1500,2040,1350,1770
"2101",2101,16,1380,1980,1290,1800
"2102",2102,18,1500,2100,1380,1800
"2103",2103,17,1320,1800,1320,1800
"2104",2104,17,1470,1950,1350,1820
"2105",2105,17,1440,2040,1320,1815
"2106",2106,16,1380,2100,1350,1860
"2107",2107,18,1380,1920,1380,1830
"2108",2108,17,1410,1920,1320,1830
"2109",2109,16,1560,780,1560,1805
"2110",2110,18,1410,1920,1350,1770
"2111",2111,18,1500,1980,1380,1800
"2112",2112,18,1500,2040,1380,1800
"2113",2113,18,1380,2100,1320,1830
"2114",2114,18,1500,1980,1380,1820
"2115",2115,17,1380,2040,1380,1860
"2116",2116,17,1350,1950,1380,1830
"2117",2117,17,1440,1860,1380,1830
"2118",2118,17,1500,1920,1380,1845
"2119",2119,16,1560,2100,1500,1800
"2120",2120,16,1440,2040,1200,1830
"2121",2121,16,1320,2100,1320,1830
"2122",2122,19,1680,2070,1440,1800
"2123",2123,18,1350,2010,1290,1830
"2124",2124,18,1440,2040,1320,1830
"2125",2125,18,1440,2010,1410,1860
"2126",2126,18,1661,2125,1408,1845
"2127",2127,18,1440,1980,1380,1840
"2128",2128,18,1320,2040,1380,1920
"2129",2129,18,1440,720,1440,1830
"2130",2130,18,1380,1920,1230,1820
"2131",2131,17,1500,1980,1380,1860
"2132",2132,17,1800,1950,1350,1830
"2133",2133,17,1380,1980,1350,1860
"2134",2134,16,1440,1860,1320,1860
"2135",2135,16,1470,2070,1380,1800
"2136",2136,16,1320,1860,1320,1800
"2137",2137,16,1380,1920,1380,1860
"2138",2138,15,1380,1920,1305,1815
"2139",2139,17,1380,1920,1380,1860
"2140",2140,18,1440,1980,1320,1860
"2141",2141,18,1380,1980,1320,1800
"2142",2142,18,1530,720,1380,1820
"2143",2143,17,1380,1950,1350,1820
"2144",2144,17,1440,2040,1380,1800
"2145",2145,17,1470,2100,1260,1770
"2146",2146,19,1380,1980,1350,1965
"2147",2147,17,1440,1980,1380,1830
"2148",2148,16,1320,2040,1260,1830
"2149",2149,16,1330,1830,1380,1860
"2150",2150,16,1440,2100,1350,1800
"2151",2151,17,1380,1890,1350,1860
"2152",2152,17,1470,1950,1320,1880
"2153",2153,17,1440,2040,1380,1830
"2154",2154,17,1350,1980,1350,1810
"2155",2155,18,1440,2100,1410,1800
"2156",2156,17,1500,1980,1380,1800
"2157",2157,16,1380,1980,1320,1840
"2158",2158,16,1500,2100,1440,1835
"2159",2159,16,1380,1980,1260,1800
"2160",2160,16,1560,1980,1320,1830
"2161",2161,19,1500,1980,1440,1845
"2162",2162,18,1680,720,1290,1770
"2163",2163,17,1380,1920,1320,1845
"2164",2164,16,1380,2040,1350,1790
"2165",2165,18,1440,2040,1320,1800
"2166",2166,17,1590,1920,1500,1740
"2167",2167,17,1380,1860,1290,1810
"2168",2168,19,1380,1980,1320,1830
"2169",2169,19,1440,1980,1350,1830
"2170",2170,18,1680,720,1560,1920
"2171",2171,17,1440,1950,1320,1820
"2172",2172,17,1320,1980,1560,1740
"2173",2173,17,1440,1920,1260,1830
"2174",2174,16,1500,1980,1380,1870
"2175",2175,16,1380,1890,1380,1810
"2176",2176,18,1380,1800,1260,1800
"2177",2177,19,1560,2100,1440,1800
"2178",2178,16,1380,2040,1320,1800
"2179",2179,16,1380,2040,1380,1820
"2180",2180,18,1438,1945,1380,1875
"2181",2181,16,1380,1980,1260,1840
"2182",2182,18,1440,1930,1350,1815
"2183",2183,17,1380,2010,1320,1980
"2184",2184,16,1620,2070,1410,1860
"2185",2185,16,1500,1980,1380,1800
"2186",2186,18,1410,1980,1380,1845
"2187",2187,16,1440,1980,1320,1800
"2188",2188,16,1440,1980,1380,1830
"2189",2189,18,1320,1980,1290,1830
"2190",2190,18,1560,720,1440,1830
"2191",2191,18,1500,1980,1380,1850
"2192",2192,18,1440,1980,1320,1825
"2193",2193,17,1440,1980,1350,1830
"2194",2194,17,1350,2100,1320,1820
"2195",2195,17,1440,1920,1335,1760
"2196",2196,16,1560,1980,1380,1850
"2197",2197,17,1380,1920,1340,1800
"2198",2198,17,1380,1920,1340,1800
"2199",2199,17,1395,2040,1350,1850
"2200",2200,16,1350,1950,1320,1822
"2201",2201,19,1500,2030,1440,1920
"2202",2202,18,1470,2040,1380,1710
"2203",2203,18,1380,1950,1350,1820
"2204",2204,18,1380,1920,1380,1860
"2205",2205,17,1290,1920,1290,1860
"2206",2206,17,1500,2040,1350,1845
"2207",2207,19,1380,1920,1320,1920
"2208",2208,17,2130,1920,2040,1810
"2209",2209,17,1410,1980,1350,1830
"2210",2210,19,1560,2040,1500,1800
"2211",2211,15,1560,1980,1500,1800
"2212",2212,18,1560,1920,1500,1805
"2213",2213,17,1380,1980,1320,1830
"2214",2214,18,1440,1920,1380,1810
"2215",2215,17,1620,1980,1380,1860
"2216",2216,18,1590,1890,1380,1845
"2217",2217,19,1380,2100,1320,1740
"2218",2218,18,1380,1920,1320,1800
"2219",2219,18,1530,2070,1380,1980
"2220",2220,18,1530,1980,1440,1770
"2221",2221,17,1500,720,1320,1800
"2222",2222,17,1260,1740,1200,1710
"2223",2223,17,1740,2070,1410,1830
"2224",2224,17,1440,1980,1260,1780
"2225",2225,17,1440,2010,1290,1800
"2226",2226,16,1500,2010,1320,1800
"2227",2227,16,1530,810,1380,1785
"2228",2228,16,1380,2040,1320,1860
"2229",2229,16,1530,810,1380,1785
"2230",2230,16,1380,2040,1320,1860
"2231",2231,16,1380,1980,1320,1800
"2232",2232,16,1500,720,1500,1680
"2233",2233,16,1380,1920,1380,1860
"2234",2234,16,1560,2100,1350,1800
"2235",2235,15,1440,2100,1410,1860
"2236",2236,15,1380,1890,1320,1815
"2237",2237,19,1590,720,1470,1860
"2238",2238,19,1500,2070,1320,1860
"2239",2239,19,1410,2040,1380,1830
"2240",2240,18,1380,2040,1380,1830
"2241",2241,18,1500,2010,1380,1830
"2242",2242,18,1500,2040,1380,1875
"2243",2243,18,1440,2100,1380,1800
"2244",2244,18,1560,2040,1380,1860
"2245",2245,18,1620,2100,1320,1800
"2246",2246,18,1560,1920,1440,1820
"2247",2247,18,1380,1920,1320,1845
"2248",2248,17,1620,2100,1500,1870
"2249",2249,17,1440,2040,1380,1860
"2250",2250,17,1380,1800,1290,1760
"2251",2251,17,1440,2040,1260,1770
"2252",2252,17,1440,2010,1395,1860
"2253",2253,17,1380,2100,1380,1830
"2254",2254,17,1365,1980,1335,1860
"2255",2255,17,1440,2040,1380,1860
"2256",2256,16,1260,1920,1380,1680
"2257",2257,16,1440,2100,1320,1850
"2258",2258,16,1320,1980,1290,1800
"2259",2259,19,1500,2040,1410,1830
"2260",2260,18,1320,1920,1260,1800
"2261",2261,18,1320,1920,1260,1800
"2262",2262,18,1560,1980,1410,1860
"2263",2263,18,1320,1920,1200,1830
"2264",2264,18,1560,2100,1440,1792
"2265",2265,17,1440,1980,1410,1800
"2266",2266,17,1590,2040,1260,1840
"2267",2267,17,1440,1890,1290,1785
"2268",2268,17,1620,840,1455,1810
"2269",2269,17,1320,1980,1380,1800
"2270",2270,16,1320,1980,1290,1845
"2271",2271,16,1440,1980,1440,1860
"2272",2272,15,1500,720,1410,1860
"2273",2273,15,1500,720,1410,1860
"2274",2274,19,1470,2040,1410,1840
"2275",2275,18,1440,1800,1380,1740
"2276",2276,18,1440,2040,1440,1950
"2277",2277,18,1350,1950,1320,1800
"2278",2278,17,1410,2040,1380,1860
"2279",2279,15,1530,810,1380,1770
"2280",2280,19,1350,1800,1320,1740
"2281",2281,17,1560,2100,1320,1800
"2282",2282,17,1440,2040,1320,1790
"2283",2283,18,1380,1890,1320,1850
"2284",2284,16,1380,1980,1320,1890
"2285",2285,17,1320,1920,1260,1830
"2286",2286,16,1380,2040,1320,1830
"2287",2287,16,1320,1830,1320,1820
"2288",2288,15,1380,2130,1390,1860
"2289",2289,18,1350,1950,1320,1860
"2290",2290,16,1500,780,1320,1830
"2291",2291,18,1320,1920,1320,1800
"2292",2292,18,1500,2100,1440,1860
"2293",2293,19,1440,1860,1260,1800
"2294",2294,17,1500,1950,1350,1770
"2295",2295,17,1620,1860,1440,1740
"2296",2296,16,1500,2100,1380,1820
"2297",2297,16,1440,2040,1320,1740
"2298",2298,18,1500,2040,1410,1800
"2299",2299,16,1635,2070,1470,1785
"2300",2300,18,1620,2100,1470,1850
"2301",2301,17,1500,2040,1320,1860
"2302",2302,17,1500,1980,1440,1860
"2303",2303,16,1560,720,1440,1855
"2304",2304,15,1350,2010,1290,1820
"2305",2305,18,1320,2040,1380,1860
"2306",2306,18,1470,2100,1320,1814
"2307",2307,17,1680,1920,1260,1770
"2308",2308,16,1440,720,1320,1830
"2309",2309,17,1410,1920,1320,1800
"2310",2310,17,1560,1980,1500,1800
"2311",2311,17,1360,1890,1360,1770
"2312",2312,19,1380,1980,1350,1830
"2313",2313,19,1380,2010,1380,1825
"2314",2314,18,1440,780,1380,1860
"2315",2315,18,1410,1980,1320,1800
"2316",2316,18,1410,1980,1380,1860
"2317",2317,17,1620,2040,1500,1860
"2318",2318,17,1500,2070,1380,1800
"2319",2319,18,1350,1950,1320,1780
"2320",2320,19,1500,1860,1380,1800
"2321",2321,19,1500,1860,1380,1800
"2322",2322,18,1560,2100,1470,1880
"2323",2323,17,1530,2010,1320,1830
"2324",2324,17,1380,1920,1260,1800
"2325",2325,17,1500,2040,1440,1830
"2326",2326,19,1320,1980,1500,1820
"2327",2327,16,1410,2040,1380,1860
"2328",2328,17,1440,2010,1260,1830
"2329",2329,17,1620,840,1320,1710
"2330",2330,16,1440,1920,1440,1830
"2331",2331,16,1440,1920,1440,1830
"2332",2332,16,1380,1950,1440,1770
"2333",2333,16,1380,2040,1320,1740
"2334",2334,17,1380,1920,1320,1815
"2335",2335,17,1440,2070,1350,1845
"2336",2336,17,1380,1920,1380,1830
"2337",2337,19,1440,1920,1410,1815
"2338",2338,19,1440,1920,1410,1815
"2339",2339,17,1560,2100,1440,1860
"2340",2340,17,1320,2010,1320,1820
"2341",2341,18,1500,2040,1410,1815
"2342",2342,19,1440,2040,1440,1860
"2343",2343,17,1470,1980,1350,1740
"2344",2344,17,1440,720,1380,1850
"2345",2345,18,1440,1920,1410,1860
"2346",2346,19,1380,1860,1320,1800
"2347",2347,17,1500,1980,1260,1845
"2348",2348,19,1560,780,1380,1840
"2349",2349,17,1680,720,1380,1800
"2350",2350,16,1560,1980,1410,1800
"2351",2351,16,1440,2010,1410,1825
"2352",2352,15,1320,1980,1320,1800
"2353",2353,15,1260,1920,1260,1780
"2354",2354,15,1320,1980,1320,1800
"2355",2355,15,1260,1920,1260,1780
"2356",2356,18,1380,1980,1320,1800
"2357",2357,18,1380,1980,1320,1800
"2358",2358,18,1444,1440,1380,1850
"2359",2359,18,1440,1920,1380,1830
"2360",2360,17,1680,720,1500,1860
"2361",2361,17,1680,720,1500,1860
"2362",2362,17,1740,2100,1350,1785
"2363",2363,17,1440,1890,1320,1860
"2364",2364,16,1440,720,1380,1830
"2365",2365,18,1440,2040,1380,1790
"2366",2366,18,1560,2100,1380,1800
"2367",2367,17,1770,780,1440,1860
"2368",2368,18,1560,720,720,720
"2369",2369,16,1380,1920,1260,1780
"2370",2370,15,1500,720,1380,1760
"2371",2371,18,1440,2100,1380,1860
"2372",2372,18,1380,1980,1320,1860
"2373",2373,18,1500,1980,1440,1800
"2374",2374,17,1400,1880,1380,1770
"2375",2375,17,1560,720,1380,1830
"2376",2376,17,1680,2100,1320,1815
"2377",2377,16,1440,2040,1320,1810
"2378",2378,16,1380,2040,1380,1860
"2379",2379,16,1440,2100,1380,1840
"2380",2380,16,1320,1800,1320,1800
"2381",2381,15,1380,1920,1260,1845
"2382",2382,19,1590,720,1380,1830
"2383",2383,19,1590,720,1380,1830
"2384",2384,18,1410,2040,1290,1850
"2385",2385,19,1440,2040,1320,2040
"2386",2386,17,1620,720,1380,1860
"2387",2387,17,1320,1980,1320,1740
"2388",2388,18,1560,720,1500,1840
"2389",2389,17,1500,2040,1380,1740
"2390",2390,17,1320,1860,1260,1770
"2391",2391,19,1440,2040,1350,1795
"2392",2392,16,1440,1800,1280,1770
"2393",2393,16,1440,1800,1280,1770
"2394",2394,17,1740,2040,1260,1740
"2395",2395,16,1590,2040,1440,1875
"2396",2396,17,1740,1920,1410,1880
"2397",2397,16,1380,1980,1260,1800
"2398",2398,16,1380,1980,1260,1800
"2399",2399,18,1440,720,1350,1800
"2400",2400,17,1440,1920,1380,1800
"2401",2401,18,1500,1950,1440,1740
"2402",2402,17,1350,1980,1380,1770
"2403",2403,17,1620,810,1500,1830
"2404",2404,15,1440,2040,1320,1800
"2405",2405,18,1800,720,1320,1860
"2406",2406,18,1620,2100,1320,1770
"2407",2407,17,1440,1980,1380,1815
"2408",2408,19,1712,1870,1530,2100
"2409",2409,18,1290,1950,1200,1770
"2410",2410,15,1440,1920,1290,1800
"2411",2411,15,1440,1920,1290,1800
"2412",2412,17,1620,2130,1350,1860
"2413",2413,17,1410,2040,1230,1810
"2414",2414,19,1470,1980,1410,1845
"2415",2415,18,1500,2010,1320,1770
"2416",2416,18,1380,1950,1380,1770
"2417",2417,16,1410,2010,1320,1800
"2418",2418,18,1350,1890,1350,1850
"2419",2419,18,1440,1980,1320,1920
"2420",2420,17,1410,1950,1380,1800
"2421",2421,16,2070,1950,1380,1815
"2422",2422,16,1380,2070,1380,1850
"2423",2423,16,1320,1950,1320,1830
"2424",2424,18,1260,1920,1290,1800
"2425",2425,18,1380,1920,1380,1800
"2426",2426,17,1320,1920,1290,1740
"2427",2427,16,1500,840,1440,1780
"2428",2428,16,1440,2040,1395,1805
"2429",2429,16,1500,2100,1440,1860
"2430",2430,17,1440,1920,1395,1835
"2431",2431,18,1380,1920,1380,1680
"2432",2432,18,1380,1980,1350,1860
"2433",2433,19,1350,1850,1335,1800
"2434",2434,18,1380,2040,1380,1446
"2435",2435,17,1440,2100,1320,1845
"2436",2436,16,1500,2100,1395,1835
"2437",2437,18,1410,1950,1320,1830
"2438",2438,17,1410,2040,1320,1800
"2439",2439,18,1380,1980,1380,1810
"2440",2440,18,1440,2040,1380,1860
"2441",2441,16,1440,1920,1390,1810
"2442",2442,18,1440,2040,1380,1770
"2443",2443,18,1440,1920,1350,1830
"2444",2444,16,1380,1920,1380,1800
"2445",2445,18,1560,2070,1440,1830
"2446",2446,16,1440,2100,1380,1830
"2447",2447,19,1440,1980,1380,1800
"2448",2448,18,1500,2040,1410,1815
"2449",2449,19,1710,720,1440,1815
"2450",2450,17,1380,1920,1350,1813
"2451",2451,16,1500,1980,1320,1860
"2452",2452,16,1650,720,1500,1860
"2453",2453,15,1560,1860,1320,1750
"2454",2454,18,1380,1980,1350,1860
"2455",2455,19,1320,1920,1290,1860
"2456",2456,17,1410,1995,1320,1800
"2457",2457,17,1380,2040,1320,1860
"2458",2458,16,1560,2130,1350,1853
"2459",2459,16,1440,1980,1380,1840
"2460",2460,19,1500,2040,1440,1840
"2461",2461,18,1500,2100,1440,1800
"2462",2462,17,1530,2010,1470,1820
"2463",2463,17,1440,1950,1395,1830
"2464",2464,17,1380,2070,1290,1830
"2465",2465,15,1380,1980,1320,1830
"2466",2466,14,1380,2040,1320,1800
"2467",2467,18,1320,1920,1290,1820
"2468",2468,17,1440,1950,1380,1860
"2469",2469,17,1440,1950,1395,1860
"2470",2470,17,1380,1980,1260,1800
"2471",2471,18,1440,1980,1410,1830
"2472",2472,18,1260,2040,1320,1830
"2473",2473,17,1380,2040,1320,1760
"2474",2474,17,1380,1980,1320,1760
"2475",2475,16,1470,720,1380,1825
"2476",2476,16,1440,2040,1320,1830
"2477",2477,18,1380,1860,1350,1830
"2478",2478,18,1620,2100,1440,1980
"2479",2479,18,1500,2040,1200,1800
"2480",2480,16,1500,2040,1380,1815
"2481",2481,18,1500,2040,1360,1840
"2482",2482,17,1440,2040,1350,1800
"2483",2483,18,1410,1920,1410,1830
"2484",2484,17,1530,2100,1470,1770
"2485",2485,17,1500,1920,1440,1820
"2486",2486,17,1380,1980,1260,1740
"2487",2487,16,1500,2100,1410,1860
"2488",2488,19,1380,1920,1320,1800
"2489",2489,19,1740,780,1380,1860
"2490",2490,19,1560,2040,1380,1860
"2491",2491,18,1380,1920,1260,1810
"2492",2492,18,1410,1920,1260,1800
"2493",2493,17,1380,1980,1320,1770
"2494",2494,17,1440,1950,1420,1845
"2495",2495,17,1380,1980,1320,1770
"2496",2496,17,1500,2040,1380,1740
"2497",2497,17,1380,2040,1320,1800
"2498",2498,16,1500,2040,1380,1795
"2499",2499,15,1440,1950,1440,1825
"2500",2500,18,1620,1980,1560,1920
"2501",2501,18,1440,1980,1380,1830
"2502",2502,17,1590,2070,1380,1800
"2503",2503,17,1360,1890,1340,1790
"2504",2504,17,1620,840,1380,1850
"2505",2505,16,1440,2100,1440,1800
"2506",2506,17,1500,2130,1380,1860
"2507",2507,17,1380,1980,1410,1860
"2508",2508,15,1440,2040,1320,1770
"2509",2509,17,1440,1890,1380,1860
"2510",2510,18,1440,2130,1380,1830
"2511",2511,18,1410,2070,1320,1440
"2512",2512,18,1440,2040,1380,1860
"2513",2513,16,1440,1920,1440,1820
"2514",2514,16,1440,2040,1380,1860
"2515",2515,16,1380,1980,1380,1845
"2516",2516,17,1500,2040,1494,1860
"2517",2517,16,725,2040,2100,1860
"2518",2518,18,1560,720,1380,1860
"2519",2519,18,1620,2040,1440,1860
"2520",2520,16,1440,2070,1320,1800
"2521",2521,16,1620,2040,1380,1830
"2522",2522,16,1380,1920,1350,1800
"2523",2523,16,1530,2070,1440,1830
"2524",2524,18,1500,1980,1380,1920
"2525",2525,19,1680,720,1560,1980
"2526",2526,18,1320,1860,1320,1860
"2527",2527,16,1440,1980,2055,1830
"2528",2528,15,1380,1980,1290,1850
"2529",2529,18,1710,2040,1410,1860
"2530",2530,17,1590,2100,1380,1860
"2531",2531,15,1500,2040,1320,1860
"2532",2532,15,1500,2040,1320,1860
"2533",2533,18,1680,900,1440,1830
"2534",2534,19,1440,2010,1380,1800
"2535",2535,17,1350,1860,1290,1820
"2536",2536,16,1410,2145,1350,1865
"2537",2537,15,1320,2040,1320,1850
"2538",2538,15,1320,2040,1320,1850
"2539",2539,17,1530,2130,1380,1860
"2540",2540,16,1440,2040,1320,1830
"2541",2541,16,1380,1950,1350,1820
"2542",2542,17,1380,1980,1320,1830
"2543",2543,17,1380,1980,1320,1830
"2544",2544,16,1500,2100,1320,1830
